timestamp,open,high,low,close,volume
2023-01-01 00:00:00,16541.77,16559.77,16508.39,16533.04,15515.82327
2023-01-01 04:00:00,16533.04,16550.0,16499.01,16526.19,16532.24115
2023-01-01 08:00:00,16525.7,16557.0,16505.2,16556.66,15915.96701
2023-01-01 12:00:00,16556.66,16572.94,16533.68,16558.73,15046.09096
2023-01-01 16:00:00,16558.73,16623.65,16558.0,16603.08,18532.64857
2023-01-01 20:00:00,16603.53,16628.0,16586.24,16616.75,15382.64278
2023-01-02 00:00:00,16617.17,16707.25,16548.7,16661.94,19463.4751
2023-01-02 04:00:00,16662.38,16769.51,16619.44,16721.28,26026.88178
2023-01-02 08:00:00,16721.27,16772.01,16704.07,16735.11,23267.94119
2023-01-02 12:00:00,16735.51,16750.0,16669.15,16734.66,21747.21491
2023-01-02 16:00:00,16734.66,16739.64,16707.12,16737.56,12314.73653
2023-01-02 20:00:00,16737.56,16799.23,16660.51,16672.87,19068.3224
2023-01-03 00:00:00,16672.78,16706.14,16647.81,16691.81,20183.45596
2023-01-03 04:00:00,16691.81,16778.4,16681.79,16729.74,21434.34333
2023-01-03 08:00:00,16730.15,16766.0,16698.15,16721.03,25576.16376
2023-01-03 12:00:00,16721.42,16773.0,16617.79,16676.94,42131.78382
2023-01-03 16:00:00,16677.54,16688.2,16605.28,16643.37,29519.13275
2023-01-03 20:00:00,16643.77,16695.0,16640.4,16675.18,20696.65771
2023-01-04 00:00:00,16675.65,16877.65,16652.66,16862.02,41904.57254
2023-01-04 04:00:00,16862.61,16910.98,16840.36,16869.44,30270.2531
2023-01-04 08:00:00,16869.49,16919.0,16831.13,16835.35,30320.64004
2023-01-04 12:00:00,16835.35,16863.09,16765.3,16854.05,40843.05953
2023-01-04 16:00:00,16853.55,16991.87,16787.85,16842.36,52076.35176
2023-01-04 20:00:00,16842.32,16869.56,16777.0,16850.36,24947.31165
2023-01-05 00:00:00,16850.36,16878.18,16807.72,16827.71,21763.76721
2023-01-05 04:00:00,16827.71,16849.37,16789.87,16823.64,21213.55835
2023-01-05 08:00:00,16823.05,16839.0,16780.75,16833.6,26296.22105
2023-01-05 12:00:00,16833.6,16879.82,16753.0,16842.94,41963.23448
2023-01-05 16:00:00,16842.94,16875.5,16800.5,16863.85,30157.4645
2023-01-05 20:00:00,16864.29,16873.52,16818.91,16831.85,22079.32082
2023-01-06 00:00:00,16831.85,16872.57,16802.01,16833.56,22896.56633
2023-01-06 04:00:00,16833.56,16837.87,16779.96,16794.06,24759.51652
2023-01-06 08:00:00,16794.33,16812.22,16709.88,16738.22,29976.56156
2023-01-06 12:00:00,16738.74,16849.0,16679.0,16840.82,52584.91113
2023-01-06 16:00:00,16840.1,16965.41,16805.04,16939.91,42771.69765
2023-01-06 20:00:00,16940.41,17041.0,16886.21,16950.65,34412.03096
2023-01-07 00:00:00,16950.31,16981.91,16930.46,16952.46,17943.00432
2023-01-07 04:00:00,16952.73,16954.45,16922.14,16948.09,15480.43183
2023-01-07 08:00:00,16948.18,16954.95,16908.07,16918.3,18936.72265
2023-01-07 12:00:00,16918.3,16947.7,16908.0,16940.42,20650.09476
2023-01-07 16:00:00,16940.6,16946.13,16916.0,16944.05,16073.99982
2023-01-07 20:00:00,16944.05,16951.92,16929.46,16943.57,15442.31542
2023-01-08 00:00:00,16943.83,16955.0,16911.0,16944.02,18295.79671
2023-01-08 04:00:00,16944.02,16957.12,16933.26,16953.77,14667.61069
2023-01-08 08:00:00,16953.77,16967.67,16925.05,16927.42,20434.41029
2023-01-08 12:00:00,16927.42,17019.79,16920.37,17000.43,23086.53831
2023-01-08 16:00:00,17000.43,17022.08,16916.1,16927.25,23557.66783
2023-01-08 20:00:00,16927.25,17176.99,16924.41,17127.83,35113.87312
2023-01-09 00:00:00,17127.83,17252.6,17104.66,17197.0,50799.16414
2023-01-09 04:00:00,17197.0,17262.56,17180.0,17198.48,33546.34885
2023-01-09 08:00:00,17198.01,17285.48,17186.95,17238.93,38468.19722
2023-01-09 12:00:00,17239.47,17335.35,17190.74,17268.49,50514.03168
2023-01-09 16:00:00,17268.49,17398.8,17268.02,17293.69,52520.91466
2023-01-09 20:00:00,17294.19,17313.3,17128.0,17178.26,40362.87068
2023-01-10 00:00:00,17179.04,17235.0,17146.34,17205.72,30946.1691
2023-01-10 04:00:00,17205.31,17233.91,17189.15,17203.2,25989.57305
2023-01-10 08:00:00,17203.2,17286.02,17187.73,17252.89,31083.00421
2023-01-10 12:00:00,17252.89,17375.0,17212.14,17327.7,57523.3681
2023-01-10 16:00:00,17327.7,17456.07,17282.0,17432.85,43079.81645
2023-01-10 20:00:00,17432.85,17499.0,17403.73,17440.66,32760.4949
2023-01-11 00:00:00,17440.64,17510.0,17366.58,17416.14,31946.4848
2023-01-11 04:00:00,17416.49,17462.99,17388.0,17446.65,29726.8908
2023-01-11 08:00:00,17447.02,17472.15,17408.68,17437.75,29986.37534
2023-01-11 12:00:00,17437.75,17437.75,17315.6,17332.43,49062.38496
2023-01-11 16:00:00,17331.9,17571.7,17320.42,17550.29,55789.51498
2023-01-11 20:00:00,17549.62,18000.0,17508.86,17943.26,65709.95565
2023-01-12 00:00:00,17943.26,18385.71,17907.25,18224.68,82494.53271
2023-01-12 04:00:00,18224.68,18241.43,18075.19,18138.22,37256.18339
2023-01-12 08:00:00,18138.21,18222.59,18071.06,18200.8,34254.13454
2023-01-12 12:00:00,18200.8,18380.47,17892.05,18086.62,130706.45782
2023-01-12 16:00:00,18087.28,19060.0,18054.61,18885.35,110884.4527
2023-01-12 20:00:00,18885.35,19117.04,18762.0,18846.62,58972.56062
2023-01-13 00:00:00,18846.62,18887.0,18714.12,18876.37,41728.30446
2023-01-13 04:00:00,18876.37,18883.79,18778.41,18824.25,33637.34382
2023-01-13 08:00:00,18825.0,19057.7,18810.01,18920.95,53635.34061
2023-01-13 12:00:00,18920.95,19310.91,18811.52,19261.19,84962.31802
2023-01-13 16:00:00,19261.19,19406.26,19060.15,19362.01,76088.31369
2023-01-13 20:00:00,19363.43,20000.0,19315.77,19930.01,78564.25763
2023-01-14 00:00:00,19930.01,21258.0,19888.05,20967.23,132906.52741
2023-01-14 04:00:00,20967.23,21033.64,20777.37,20897.36,44676.34594
2023-01-14 08:00:00,20897.36,21022.39,20225.06,20721.73,79770.25474
2023-01-14 12:00:00,20721.03,21200.0,20568.12,20786.74,70757.33684
2023-01-14 16:00:00,20785.85,20911.23,20660.0,20783.68,40261.90826
2023-01-14 20:00:00,20783.68,21072.27,20758.0,20954.92,25541.37632
2023-01-15 00:00:00,20952.76,21001.84,20551.01,20719.09,38036.35096
2023-01-15 04:00:00,20719.09,20789.58,20666.88,20735.69,20276.51594
2023-01-15 08:00:00,20735.69,20759.0,20573.13,20722.23,28650.05726
2023-01-15 12:00:00,20722.23,20994.05,20652.24,20908.28,32504.50894
2023-01-15 16:00:00,20906.97,21050.74,20665.0,20870.15,37663.66746
2023-01-15 20:00:00,20870.15,20952.37,20746.39,20871.5,21411.12493
2023-01-16 00:00:00,20872.99,21439.59,20770.2,21075.68,65696.37043
2023-01-16 04:00:00,21074.8,21260.0,21037.64,21109.23,32932.04546
2023-01-16 08:00:00,21109.4,21113.22,20666.0,20817.56,49457.76438
2023-01-16 12:00:00,20816.63,21053.89,20611.48,20994.17,50011.28024
2023-01-16 16:00:00,20995.37,21414.42,20916.43,21308.57,57585.03731
2023-01-16 20:00:00,21307.29,21474.05,21048.16,21185.65,37395.5848
2023-01-17 00:00:00,21185.65,21299.04,20841.31,21124.57,43454.76384
2023-01-17 04:00:00,21124.57,21236.62,21060.8,21133.65,27720.49973
2023-01-17 08:00:00,21133.65,21249.46,21082.48,21219.75,32766.90672
2023-01-17 12:00:00,21219.21,21647.45,21030.0,21176.06,87104.51182
2023-01-17 16:00:00,21176.06,21412.0,21084.0,21336.46,48658.53141
2023-01-17 20:00:00,21336.46,21413.15,21121.71,21134.81,35702.53057
2023-01-18 00:00:00,21132.29,21377.44,21103.15,21258.54,40301.19947
2023-01-18 04:00:00,21257.0,21320.0,21228.54,21307.94,26697.4268
2023-01-18 08:00:00,21307.94,21316.77,21151.0,21204.67,33225.41111
2023-01-18 12:00:00,21204.67,21650.0,20842.0,21042.73,97538.81068
2023-01-18 16:00:00,21042.73,21136.8,20407.15,20906.54,112546.34199
2023-01-18 20:00:00,20905.37,20938.67,20624.02,20677.47,40606.82944
2023-01-19 00:00:00,20677.47,20817.85,20659.19,20748.04,37267.51378
2023-01-19 04:00:00,20748.04,20874.81,20742.71,20818.95,28848.62637
2023-01-19 08:00:00,20818.94,20846.75,20706.9,20743.72,35522.44033
2023-01-19 12:00:00,20744.17,20960.23,20660.8,20876.44,61331.76023
2023-01-19 16:00:00,20876.44,21142.07,20791.13,21090.95,51508.95942
2023-01-19 20:00:00,21092.1,21192.0,20919.31,21071.59,36906.54912
2023-01-20 00:00:00,21071.59,21219.6,21013.96,21087.74,37141.33047
2023-01-20 04:00:00,21087.74,21127.33,20861.28,20959.44,38475.43025
2023-01-20 08:00:00,20958.43,20993.99,20898.79,20963.51,33292.86295
2023-01-20 12:00:00,20963.34,21247.55,20955.53,21144.77,63718.57309
2023-01-20 16:00:00,21145.05,21529.0,21140.99,21496.67,68762.00358
2023-01-20 20:00:00,21496.67,22755.93,21495.75,22667.21,96688.93625
2023-01-21 00:00:00,22666.0,22792.86,22422.0,22547.35,46689.92028
2023-01-21 04:00:00,22547.83,22670.0,22514.6,22638.36,31004.20655
2023-01-21 08:00:00,22638.36,23335.77,22595.23,22905.65,102373.50511
2023-01-21 12:00:00,22907.01,23280.0,22851.94,22998.9,60494.75835
2023-01-21 16:00:00,22998.9,23371.8,22980.0,23270.5,62208.75289
2023-01-21 20:00:00,23270.97,23299.55,22680.73,22783.55,43674.34114
2023-01-22 00:00:00,22783.35,22979.88,22602.55,22758.3,43093.66569
2023-01-22 04:00:00,22759.08,22967.33,22716.72,22895.2,29768.68658
2023-01-22 08:00:00,22895.49,22938.12,22726.02,22783.61,31739.4919
2023-01-22 12:00:00,22784.74,23078.71,22645.59,22794.51,49271.02796
2023-01-22 16:00:00,22794.63,22959.71,22687.13,22722.15,41105.52201
2023-01-22 20:00:00,22721.88,22773.89,22292.37,22707.88,58599.35872
2023-01-23 00:00:00,22706.02,22826.46,22646.43,22661.02,36139.99774
2023-01-23 04:00:00,22661.02,22794.33,22600.14,22695.9,33194.2653
2023-01-23 08:00:00,22696.61,22957.25,22662.38,22904.58,38266.29469
2023-01-23 12:00:00,22904.58,23115.0,22500.0,22853.14,80367.50864
2023-01-23 16:00:00,22855.44,23180.0,22654.0,22792.47,71278.43489
2023-01-23 20:00:00,22792.47,23044.56,22753.71,22916.45,34341.87812
2023-01-24 00:00:00,22917.81,23144.76,22864.67,23079.27,41432.57478
2023-01-24 04:00:00,23079.87,23162.2,23006.98,23054.08,34450.19326
2023-01-24 08:00:00,23054.7,23090.25,22770.0,22917.66,46085.15863
2023-01-24 12:00:00,22917.11,23035.31,22711.0,22931.36,64690.98641
2023-01-24 16:00:00,22931.36,23079.0,22785.59,23018.53,44205.31571
2023-01-24 20:00:00,23017.73,23080.45,22462.93,22632.89,62294.55375
2023-01-25 00:00:00,22631.94,22715.06,22300.0,22643.61,56101.10349
2023-01-25 04:00:00,22643.04,22772.0,22606.04,22712.45,30093.23392
2023-01-25 08:00:00,22711.85,22739.11,22475.0,22598.47,39000.61252
2023-01-25 12:00:00,22598.45,22745.0,22335.0,22577.86,70513.75269
2023-01-25 16:00:00,22578.79,22765.3,22510.0,22748.86,50906.47279
2023-01-25 20:00:00,22749.97,23816.73,22749.93,23060.94,99427.65682
2023-01-26 00:00:00,23060.42,23282.47,23041.14,23136.16,49167.22282
2023-01-26 04:00:00,23136.16,23197.8,22897.17,22966.73,45284.94138
2023-01-26 08:00:00,22965.81,23048.49,22850.01,22992.94,39326.2452
2023-01-26 12:00:00,22992.09,23250.0,22880.95,22958.02,81188.23496
2023-01-26 16:00:00,22955.16,23106.51,22853.81,23070.0,43604.15119
2023-01-26 20:00:00,23068.57,23195.0,22963.07,23009.65,30353.64026
2023-01-27 00:00:00,23009.65,23076.62,22534.88,22772.62,46182.87922
2023-01-27 04:00:00,22772.2,23100.0,22760.64,23072.77,38724.8656
2023-01-27 08:00:00,23072.29,23083.87,22903.03,22967.47,33552.11913
2023-01-27 12:00:00,22967.48,23148.0,22841.19,22933.96,62813.27522
2023-01-27 16:00:00,22932.2,23284.32,22924.01,23253.06,49014.72696
2023-01-27 20:00:00,23253.06,23500.0,22951.33,23074.16,50545.99702
2023-01-28 00:00:00,23074.16,23189.0,23042.54,23117.44,24315.1602
2023-01-28 04:00:00,23117.44,23133.4,22951.01,22991.51,24728.2785
2023-01-28 08:00:00,22991.86,23017.27,22905.0,22981.51,25675.38157
2023-01-28 12:00:00,22981.51,23044.12,22878.46,23012.54,33451.32025
2023-01-28 16:00:00,23012.02,23052.82,22975.0,23039.35,20431.10042
2023-01-28 20:00:00,23039.35,23042.91,22942.0,23022.6,19514.46991
2023-01-29 00:00:00,23021.4,23492.0,22967.76,23193.43,52580.79543
2023-01-29 04:00:00,23194.27,23268.51,23144.99,23203.86,24988.1288
2023-01-29 08:00:00,23203.39,23605.74,23153.64,23432.17,55739.69077
2023-01-29 12:00:00,23431.39,23666.0,23350.47,23525.09,54723.54894
2023-01-29 16:00:00,23525.09,23960.54,23472.0,23897.84,66296.44216
2023-01-29 20:00:00,23896.65,23910.6,23600.0,23742.3,41360.18594
2023-01-30 00:00:00,23743.37,23800.51,23567.1,23701.44,36904.38643
2023-01-30 04:00:00,23700.78,23769.32,23599.15,23642.81,31345.83274
2023-01-30 08:00:00,23642.81,23676.98,23017.0,23077.47,72543.62927
2023-01-30 12:00:00,23077.47,23301.82,22962.68,23178.51,58389.64648
2023-01-30 16:00:00,23178.51,23248.86,22627.9,22784.86,58798.23417
2023-01-30 20:00:00,22784.86,22840.69,22500.0,22826.15,44424.17212
2023-01-31 00:00:00,22827.38,22913.71,22714.77,22835.01,35131.51516
2023-01-31 04:00:00,22835.46,22989.48,22743.05,22978.24,35466.16773
2023-01-31 08:00:00,22978.24,22996.84,22810.03,22865.43,35127.03829
2023-01-31 12:00:00,22865.97,23206.84,22851.01,23121.8,64918.10238
2023-01-31 16:00:00,23121.8,23221.14,23081.08,23163.88,42055.90095
2023-01-31 20:00:00,23162.99,23320.0,22812.69,23125.13,51950.62458
2023-02-01 00:00:00,23125.13,23184.29,22997.1,23130.19,35705.95217
2023-02-01 04:00:00,23130.7,23167.39,23017.07,23076.68,32517.47391
2023-02-01 08:00:00,23076.67,23100.0,22919.33,23077.52,37238.66144
2023-02-01 12:00:00,23078.43,23144.85,22938.36,22979.73,53826.35919
2023-02-01 16:00:00,22979.73,23494.77,22760.23,23385.99,77933.60595
2023-02-01 20:00:00,23385.99,23812.66,23320.01,23732.66,73568.37005
2023-02-02 00:00:00,23731.41,24255.0,23690.02,23848.6,61426.43407
2023-02-02 04:00:00,23848.6,23921.1,23658.2,23781.12,36774.35541
2023-02-02 08:00:00,23780.65,23852.75,23750.0,23820.49,34341.7451
2023-02-02 12:00:00,23820.49,23945.68,23525.0,23839.5,83485.59583
2023-02-02 16:00:00,23839.5,24144.62,23725.76,23802.57,83227.45056
2023-02-02 20:00:00,23802.57,23924.81,23363.27,23488.94,64921.62654
2023-02-03 00:00:00,23489.33,23590.11,23411.47,23534.18,41608.93455
2023-02-03 04:00:00,23533.64,23566.18,23447.25,23456.23,34988.87578
2023-02-03 08:00:00,23456.22,23541.7,23322.3,23534.13,47896.72547
2023-02-03 12:00:00,23533.32,23710.8,23227.16,23603.36,102225.36461
2023-02-03 16:00:00,23604.62,23715.7,23300.76,23307.99,68730.83213
2023-02-03 20:00:00,23308.05,23472.0,23204.62,23431.9,37120.2965
2023-02-04 00:00:00,23431.9,23465.15,23331.16,23343.43,25040.05526
2023-02-04 04:00:00,23343.12,23361.33,23253.96,23329.18,24999.77578
2023-02-04 08:00:00,23329.18,23376.27,23292.19,23363.76,23614.83087
2023-02-04 12:00:00,23364.14,23587.78,23340.44,23421.45,41379.54799
2023-02-04 16:00:00,23421.45,23472.5,23358.57,23425.89,26883.53409
2023-02-04 20:00:00,23425.28,23449.96,23259.62,23326.84,24208.72896
2023-02-05 00:00:00,23327.66,23371.99,23230.0,23344.53,27050.82035
2023-02-05 04:00:00,23344.53,23433.33,23326.23,23377.4,20474.72317
2023-02-05 08:00:00,23377.03,23419.74,23345.0,23356.33,24127.72175
2023-02-05 12:00:00,23356.86,23374.8,23000.01,23096.16,51552.20203
2023-02-05 16:00:00,23096.92,23157.75,22743.0,22891.8,56584.15419
2023-02-05 20:00:00,22892.65,23030.0,22795.01,22932.91,29461.71768
2023-02-06 00:00:00,22932.91,23094.92,22823.0,22895.48,29572.88535
2023-02-06 04:00:00,22895.48,22928.2,22628.13,22879.69,39216.01093
2023-02-06 08:00:00,22880.91,22939.99,22735.46,22878.23,40012.24453
2023-02-06 12:00:00,22878.23,23054.66,22745.01,23041.39,58692.68023
2023-02-06 16:00:00,23042.86,23158.25,22921.25,23031.03,56494.24898
2023-02-06 20:00:00,23030.29,23032.13,22638.0,22762.52,41383.53688
2023-02-07 00:00:00,22762.52,22897.67,22745.78,22877.99,33497.36874
2023-02-07 04:00:00,22877.99,22986.71,22861.45,22910.91,36499.34993
2023-02-07 08:00:00,22910.91,23064.56,22862.85,22977.24,44279.99243
2023-02-07 12:00:00,22977.24,23042.0,22876.35,22904.89,52432.35114
2023-02-07 16:00:00,22904.89,23350.25,22769.05,23091.9,97115.49334
2023-02-07 20:00:00,23092.87,23309.29,23029.11,23240.46,44182.16924
2023-02-08 00:00:00,23242.42,23452.0,23225.19,23255.34,40305.77589
2023-02-08 04:00:00,23255.34,23287.3,23183.17,23232.68,31403.38319
2023-02-08 08:00:00,23233.23,23239.44,23132.21,23159.07,34433.80696
2023-02-08 12:00:00,23159.07,23199.58,22857.0,22872.28,65167.42448
2023-02-08 16:00:00,22871.28,23042.95,22665.85,22874.89,73007.67562
2023-02-08 20:00:00,22873.9,22980.3,22778.93,22963.0,35738.24103
2023-02-09 00:00:00,22961.85,23011.39,22424.48,22518.44,65154.16827
2023-02-09 04:00:00,22519.56,22737.48,22353.71,22676.41,55075.60069
2023-02-09 08:00:00,22676.41,22770.0,22663.32,22685.79,41696.32449
2023-02-09 12:00:00,22685.79,22831.41,22556.32,22610.94,74349.41042
2023-02-09 16:00:00,22610.94,22623.41,21881.0,22032.71,93051.2266
2023-02-09 20:00:00,22030.99,22084.46,21688.0,21796.35,73567.96503
2023-02-10 00:00:00,21797.83,21938.16,21756.0,21825.59,44103.28784
2023-02-10 04:00:00,21825.59,21926.2,21622.4,21911.71,57049.51366
2023-02-10 08:00:00,21910.61,21926.91,21713.96,21733.52,53475.20812
2023-02-10 12:00:00,21732.63,21901.24,21520.0,21654.09,79689.38726
2023-02-10 16:00:00,21652.75,21799.0,21558.13,21771.09,59831.97353
2023-02-10 20:00:00,21772.26,21790.92,21451.0,21625.19,44442.57206
2023-02-11 00:00:00,21625.19,21725.95,21599.78,21678.56,33397.4464
2023-02-11 04:00:00,21678.56,21715.38,21640.03,21692.63,26123.14402
2023-02-11 08:00:00,21692.63,21705.0,21658.01,21697.44,26681.07439
2023-02-11 12:00:00,21697.44,21777.54,21662.11,21735.78,33330.44499
2023-02-11 16:00:00,21735.78,21737.89,21618.23,21662.63,26494.56227
2023-02-11 20:00:00,21662.36,21906.32,21645.21,21862.55,30994.91226
2023-02-12 00:00:00,21862.02,21890.16,21766.0,21781.38,25750.93181
2023-02-12 04:00:00,21781.38,21817.15,21761.04,21798.42,24728.18422
2023-02-12 08:00:00,21798.42,21960.0,21798.01,21888.31,32585.21424
2023-02-12 12:00:00,21888.31,21995.6,21756.04,21945.3,41637.6802
2023-02-12 16:00:00,21944.14,22090.0,21914.07,21997.18,38167.26838
2023-02-12 20:00:00,21997.18,22028.78,21630.0,21783.54,41566.37278
2023-02-13 00:00:00,21782.37,21876.43,21622.47,21808.6,45008.5028
2023-02-13 04:00:00,21808.6,21894.99,21792.86,21867.69,29927.77153
2023-02-13 08:00:00,21867.74,21874.97,21433.0,21603.11,71030.04136
2023-02-13 12:00:00,21602.8,21701.34,21556.0,21563.02,51668.73309
2023-02-13 16:00:00,21561.84,21678.0,21351.07,21607.81,62803.51308
2023-02-13 20:00:00,21607.81,21845.79,21559.95,21773.97,35292.20605
2023-02-14 00:00:00,21774.63,21816.62,21677.47,21700.42,31230.75357
2023-02-14 04:00:00,21700.42,21789.46,21684.59,21768.48,31733.58592
2023-02-14 08:00:00,21767.56,21875.42,21666.39,21809.81,44954.45087
2023-02-14 12:00:00,21809.81,22319.08,21532.77,22041.45,136833.56633
2023-02-14 16:00:00,22040.52,22245.0,21917.31,22208.65,77894.26418
2023-02-14 20:00:00,22207.96,22285.0,22122.7,22199.84,39311.78022
2023-02-15 00:00:00,22199.84,22200.88,22047.28,22099.49,36360.45775
2023-02-15 04:00:00,22099.13,22199.29,22072.55,22109.89,32290.25159
2023-02-15 08:00:00,22109.89,22500.0,22089.11,22445.13,49264.71292
2023-02-15 12:00:00,22444.28,22916.98,22443.24,22809.46,100777.72923
2023-02-15 16:00:00,22809.46,23353.87,22745.03,23318.9,70218.08957
2023-02-15 20:00:00,23320.18,24380.0,23296.3,24324.05,86757.92005
2023-02-16 00:00:00,24322.87,24905.0,24278.58,24732.42,58850.15163
2023-02-16 04:00:00,24731.6,24756.35,24430.12,24612.95,48051.21682
2023-02-16 08:00:00,24611.51,24664.49,24509.07,24568.55,39484.86925
2023-02-16 12:00:00,24567.93,25091.0,24283.35,25072.67,101794.47626
2023-02-16 16:00:00,25072.67,25250.0,24606.14,24872.58,108806.09222
2023-02-16 20:00:00,24872.58,24879.81,23505.25,23517.72,93093.87748
2023-02-17 00:00:00,23517.72,23914.58,23339.37,23838.64,69235.79241
2023-02-17 04:00:00,23838.64,23883.12,23612.0,23637.04,43781.38344
2023-02-17 08:00:00,23635.84,23861.78,23532.69,23789.82,58228.45005
2023-02-17 12:00:00,23789.12,24280.0,23710.0,24130.5,118441.1066
2023-02-17 16:00:00,24130.5,24560.64,23917.65,24524.49,115198.92622
2023-02-17 20:00:00,24524.49,25021.11,24051.73,24569.97,91927.55504
2023-02-18 00:00:00,24568.24,24787.5,24503.49,24609.68,37989.15667
2023-02-18 04:00:00,24609.68,24676.9,24430.0,24519.01,31352.25067
2023-02-18 08:00:00,24519.01,24607.82,24436.46,24519.42,33957.71014
2023-02-18 12:00:00,24519.93,24734.32,24488.43,24668.26,45000.52343
2023-02-18 16:00:00,24667.02,24877.0,24567.9,24608.34,45513.45782
2023-02-18 20:00:00,24608.34,24666.0,24514.03,24631.95,23104.1534
2023-02-19 00:00:00,24632.05,24770.67,24622.18,24681.69,24556.3165
2023-02-19 04:00:00,24682.1,24850.0,24563.23,24582.62,38276.37482
2023-02-19 08:00:00,24582.62,24706.77,24560.47,24669.43,30376.46031
2023-02-19 12:00:00,24669.43,25046.0,24656.44,24922.21,59494.57652
2023-02-19 16:00:00,24922.21,25192.0,24277.53,24523.79,99703.62008
2023-02-19 20:00:00,24523.04,24580.28,24192.57,24271.76,47988.64719
2023-02-20 00:00:00,24272.51,24480.44,23840.83,24418.95,63390.50289
2023-02-20 04:00:00,24417.86,24555.0,24402.87,24503.65,38007.57091
2023-02-20 08:00:00,24503.65,24983.71,24373.33,24890.0,79645.74015
2023-02-20 12:00:00,24889.0,25121.23,24720.0,24942.87,80964.87642
2023-02-20 16:00:00,24942.87,24957.32,24622.0,24872.19,56462.35763
2023-02-20 20:00:00,24872.18,24887.2,24655.0,24842.2,28467.52197
2023-02-21 00:00:00,24843.89,25093.23,24781.5,24926.56,47489.89991
2023-02-21 04:00:00,24926.56,25050.0,24854.18,24999.95,37867.03335
2023-02-21 08:00:00,24999.77,25250.0,24555.55,24572.83,86178.83261
2023-02-21 12:00:00,24572.83,24790.0,24408.0,24558.09,79603.75437
2023-02-21 16:00:00,24556.81,24745.78,24279.35,24602.88,75522.89551
2023-02-21 20:00:00,24602.88,24639.56,24148.34,24452.16,49338.41293
2023-02-22 00:00:00,24450.67,24476.05,23855.55,24201.85,66953.18365
2023-02-22 04:00:00,24202.67,24221.6,23931.0,24060.95,53259.16489
2023-02-22 08:00:00,24059.73,24216.55,23860.61,24160.87,58413.62449
2023-02-22 12:00:00,24160.87,24235.37,23627.08,23713.61,86251.40733
2023-02-22 16:00:00,23714.94,23972.97,23574.69,23791.67,74769.74135
2023-02-22 20:00:00,23791.68,24218.92,23735.19,24182.21,39778.63194
2023-02-23 00:00:00,24182.21,24599.59,24124.33,24454.85,58028.05449
2023-02-23 04:00:00,24454.85,24526.08,24311.35,24376.27,40892.96719
2023-02-23 08:00:00,24377.12,24494.28,23647.46,23780.2,72957.69926
2023-02-23 12:00:00,23780.21,24228.44,23608.0,23950.92,114931.1652
2023-02-23 16:00:00,23951.83,24056.0,23725.1,23971.5,72622.39716
2023-02-23 20:00:00,23971.51,24069.87,23756.77,23940.2,38968.17107
2023-02-24 00:00:00,23940.2,24132.35,23890.0,23954.05,37762.53136
2023-02-24 04:00:00,23954.5,23986.12,23766.6,23830.32,37287.85119
2023-02-24 08:00:00,23831.22,23973.79,23754.03,23883.72,38332.75164
2023-02-24 12:00:00,23883.72,24027.44,23322.01,23351.31,88325.951
2023-02-24 16:00:00,23349.25,23353.1,22841.19,23182.27,94448.70234
2023-02-24 20:00:00,23182.27,23332.79,22974.3,23185.29,47424.787
2023-02-25 00:00:00,23184.04,23219.13,23045.33,23077.64,26711.13207
2023-02-25 04:00:00,23077.12,23129.65,23023.23,23117.16,24808.07053
2023-02-25 08:00:00,23117.1,23158.16,22906.5,22983.85,35506.74408
2023-02-25 12:00:00,22983.85,23086.0,22858.35,23006.18,33363.06698
2023-02-25 16:00:00,23006.18,23086.29,22912.1,22983.05,31984.90521
2023-02-25 20:00:00,22983.78,23185.99,22722.0,23157.07,38937.89123
2023-02-26 00:00:00,23157.07,23250.0,23059.18,23214.53,25544.02597
2023-02-26 04:00:00,23214.53,23227.17,23090.0,23154.57,22591.59482
2023-02-26 08:00:00,23154.57,23293.97,23112.35,23253.44,27886.07588
2023-02-26 12:00:00,23253.44,23331.26,23126.47,23247.23,35538.36772
2023-02-26 16:00:00,23247.96,23544.93,23137.0,23499.33,42223.44384
2023-02-26 20:00:00,23499.33,23689.99,23323.42,23554.85,48540.228
2023-02-27 00:00:00,23554.85,23644.65,23432.76,23551.62,30792.51063
2023-02-27 04:00:00,23551.99,23561.34,23346.16,23423.31,30283.95062
2023-02-27 08:00:00,23423.88,23455.31,23332.65,23428.87,28495.85395
2023-02-27 12:00:00,23428.87,23897.99,23379.25,23559.4,83616.02692
2023-02-27 16:00:00,23557.66,23618.3,23150.0,23276.35,71456.59915
2023-02-27 20:00:00,23276.34,23582.98,23106.77,23492.09,39061.14463
2023-02-28 00:00:00,23492.09,23549.99,23349.57,23467.52,25897.10942
2023-02-28 04:00:00,23467.01,23470.44,23212.8,23236.68,29133.3021
2023-02-28 08:00:00,23235.63,23421.98,23200.0,23392.69,33078.50122
2023-02-28 12:00:00,23391.96,23579.12,23315.42,23518.3,68386.6113
2023-02-28 16:00:00,23519.08,23600.0,23205.06,23264.36,54116.84831
2023-02-28 20:00:00,23263.38,23343.55,23020.97,23141.57,53528.62659
2023-03-01 00:00:00,23141.57,23498.0,23020.03,23441.14,47163.64208
2023-03-01 04:00:00,23440.37,23847.0,23425.44,23716.06,49437.13297
2023-03-01 08:00:00,23716.06,24000.0,23673.44,23739.17,45593.75366
2023-03-01 12:00:00,23739.87,23888.0,23550.8,23711.09,71527.84275
2023-03-01 16:00:00,23711.09,23746.24,23328.16,23355.14,59540.49755
2023-03-01 20:00:00,23354.03,23674.6,23300.0,23628.97,42024.54836
2023-03-02 00:00:00,23629.76,23796.93,23423.17,23494.29,38918.66091
2023-03-02 04:00:00,23494.29,23546.82,23335.41,23391.87,27953.94328
2023-03-02 08:00:00,23391.87,23468.5,23337.37,23414.73,32030.91052
2023-03-02 12:00:00,23414.73,23434.26,23195.9,23361.11,63610.81714
2023-03-02 16:00:00,23361.1,23507.97,23231.29,23463.99,46562.98279
2023-03-02 20:00:00,23463.4,23567.52,23386.44,23465.32,30238.13755
2023-03-03 00:00:00,23465.32,23476.95,21971.13,22319.69,105002.30763
2023-03-03 04:00:00,22319.69,22411.36,22251.08,22360.78,39524.68367
2023-03-03 08:00:00,22360.78,22479.97,22300.14,22342.92,34119.07106
2023-03-03 12:00:00,22343.06,22498.99,22172.65,22336.33,63808.35172
2023-03-03 16:00:00,22335.84,22448.25,22229.25,22358.48,42253.91274
2023-03-03 20:00:00,22357.83,22378.22,22147.0,22354.34,35245.87103
2023-03-04 00:00:00,22354.34,22392.17,22323.05,22346.66,17092.81805
2023-03-04 04:00:00,22346.65,22410.0,22269.94,22359.09,20708.89441
2023-03-04 08:00:00,22359.44,22376.97,22322.3,22349.46,15610.44674
2023-03-04 12:00:00,22349.46,22398.0,22307.98,22317.87,19247.99791
2023-03-04 16:00:00,22317.38,22347.93,22227.2,22250.78,18483.98314
2023-03-04 20:00:00,22250.67,22359.0,22157.08,22346.57,30113.24107
2023-03-05 00:00:00,22346.57,22662.09,22189.22,22387.02,47822.67957
2023-03-05 04:00:00,22387.02,22470.93,22365.26,22375.7,19299.91498
2023-03-05 08:00:00,22375.7,22448.8,22316.63,22389.77,20090.00817
2023-03-05 12:00:00,22390.12,22494.96,22388.57,22436.18,22428.03796
2023-03-05 16:00:00,22436.7,22460.07,22374.6,22403.45,16269.59179
2023-03-05 20:00:00,22403.45,22560.0,22331.0,22430.24,28931.52539
2023-03-06 00:00:00,22430.24,22508.0,22258.0,22387.19,38270.80221
2023-03-06 04:00:00,22387.19,22436.0,22313.94,22392.74,20841.04209
2023-03-06 08:00:00,22392.74,22450.0,22355.0,22379.57,28144.14141
2023-03-06 12:00:00,22379.95,22602.19,22357.08,22553.42,44162.64438
2023-03-06 16:00:00,22554.43,22586.98,22358.0,22393.35,45283.05605
2023-03-06 20:00:00,22393.35,22450.0,22320.01,22410.0,27050.14343
2023-03-07 00:00:00,22409.41,22557.91,22377.69,22460.54,28066.33637
2023-03-07 04:00:00,22460.99,22479.85,22408.09,22419.71,21032.34041
2023-03-07 08:00:00,22420.29,22432.6,22321.0,22351.02,35538.29626
2023-03-07 12:00:00,22351.02,22489.88,21927.0,22320.9,97281.67866
2023-03-07 16:00:00,22321.98,22394.08,22054.92,22124.77,62136.24828
2023-03-07 20:00:00,22125.99,22230.51,21943.0,22197.96,48464.90914
2023-03-08 00:00:00,22198.56,22287.0,22084.3,22152.52,30155.52102
2023-03-08 04:00:00,22152.52,22167.73,21840.13,21971.03,47071.5731
2023-03-08 08:00:00,21971.83,22144.2,21944.55,22072.45,41053.20652
2023-03-08 12:00:00,22071.98,22229.04,21876.66,22140.8,81155.91342
2023-03-08 16:00:00,22139.97,22218.3,21944.25,21997.25,47324.56273
2023-03-08 20:00:00,21997.25,22133.75,21580.0,21705.44,54699.79593
2023-03-09 00:00:00,21704.37,21806.68,21629.43,21769.66,35431.65786
2023-03-09 04:00:00,21770.37,21774.69,21665.67,21688.54,27862.16425
2023-03-09 08:00:00,21688.54,21700.0,21527.0,21669.38,52297.6602
2023-03-09 12:00:00,21669.38,21834.99,21552.84,21648.57,71861.08871
2023-03-09 16:00:00,21647.42,21675.22,20766.2,20854.93,127310.48874
2023-03-09 20:00:00,20856.3,20867.3,20042.72,20362.22,128895.22608
2023-03-10 00:00:00,20362.21,20367.78,19776.22,20052.07,111144.42259
2023-03-10 04:00:00,20052.07,20065.0,19776.55,19953.58,83995.86888
2023-03-10 08:00:00,19953.58,19977.0,19549.09,19760.78,96978.28705
2023-03-10 12:00:00,19761.12,20321.19,19657.11,20004.96,152618.48716
2023-03-10 16:00:00,20004.96,20307.73,19824.06,20024.32,109663.76524
2023-03-10 20:00:00,20022.72,20240.4,19850.0,20150.69,64055.63618
2023-03-11 00:00:00,20150.69,20686.51,20135.05,20393.88,98589.40007
2023-03-11 04:00:00,20393.89,20435.43,19823.82,19850.81,76336.21941
2023-03-11 08:00:00,19850.81,20208.36,19765.03,20086.07,81791.94176
2023-03-11 12:00:00,20086.07,20205.46,20030.0,20061.98,50101.82477
2023-03-11 16:00:00,20062.77,20331.44,19992.24,20220.96,62707.52998
2023-03-11 20:00:00,20220.98,20529.91,20214.63,20455.73,58304.90534
2023-03-12 00:00:00,20455.73,20502.46,20303.53,20376.46,51370.51344
2023-03-12 04:00:00,20376.47,20440.8,20270.6,20346.71,35988.61581
2023-03-12 08:00:00,20346.71,20497.34,20333.8,20445.43,39710.54197
2023-03-12 12:00:00,20445.56,20466.0,20284.39,20358.96,49787.13406
2023-03-12 16:00:00,20359.59,21331.75,20341.85,20779.54,124989.68987
2023-03-12 20:00:00,20779.54,22150.0,20755.76,21997.11,129098.44773
2023-03-13 00:00:00,21998.05,22600.0,21860.74,22231.62,111447.41727
2023-03-13 04:00:00,22232.76,22506.0,22222.88,22458.72,68170.49795
2023-03-13 08:00:00,22458.87,22539.64,21813.88,22106.64,112208.05043
2023-03-13 12:00:00,22106.63,24500.0,21959.0,23981.72,216519.77954
2023-03-13 16:00:00,23981.72,24393.83,23755.0,24279.91,122447.56492
2023-03-13 20:00:00,24277.25,24311.99,23938.0,24113.48,57096.00248
2023-03-14 00:00:00,24112.27,24496.41,23986.02,24374.2,70241.14758
2023-03-14 04:00:00,24375.68,24820.0,24139.06,24247.64,78968.84513
2023-03-14 08:00:00,24246.75,24820.0,24118.28,24743.04,90925.96183
2023-03-14 12:00:00,24743.05,26386.87,24458.04,25894.67,210348.01513
2023-03-14 16:00:00,25894.67,26001.81,24212.49,25054.15,144791.97024
2023-03-14 20:00:00,25048.39,25167.9,23976.42,24670.41,104084.99432
2023-03-15 00:00:00,24670.41,25074.24,24284.6,24717.65,74592.62791
2023-03-15 04:00:00,24716.87,24918.59,24599.0,24871.28,49951.0718
2023-03-15 08:00:00,24872.54,24922.22,24255.0,24754.5,92660.51407
2023-03-15 12:00:00,24753.27,25196.97,24371.6,24471.01,172954.88765
2023-03-15 16:00:00,24471.01,24523.0,23896.95,24366.71,137774.37953
2023-03-15 20:00:00,24369.97,24633.02,24223.0,24285.66,53517.24888
2023-03-16 00:00:00,24285.66,24439.8,24123.0,24265.43,52421.25766
2023-03-16 04:00:00,24265.44,24685.0,24182.0,24614.27,58224.85322
2023-03-16 08:00:00,24615.79,25066.32,24374.35,24824.62,94332.38827
2023-03-16 12:00:00,24826.33,25032.74,24515.23,24888.44,105164.77326
2023-03-16 16:00:00,24889.94,25167.4,24620.0,24953.21,75970.81647
2023-03-16 20:00:00,24953.21,25090.0,24623.52,24998.78,53307.2411
2023-03-17 00:00:00,24998.78,25896.0,24890.0,25781.66,92627.82966
2023-03-17 04:00:00,25781.66,26196.4,25656.0,26058.45,82998.31022
2023-03-17 08:00:00,26060.07,26970.0,25918.02,26918.73,122412.61854
2023-03-17 12:00:00,26920.11,26935.12,26118.19,26421.34,129230.31572
2023-03-17 16:00:00,26419.28,26860.66,26264.0,26834.87,93862.34173
2023-03-17 20:00:00,26834.87,27756.84,26588.38,27395.13,103329.26504
2023-03-18 00:00:00,27395.13,27724.85,27060.0,27307.54,81541.36167
2023-03-18 04:00:00,27306.57,27612.31,27212.56,27359.89,43190.10831
2023-03-18 08:00:00,27360.43,27500.0,27055.83,27443.09,48227.50229
2023-03-18 12:00:00,27443.09,27637.2,27057.0,27226.23,68303.82651
2023-03-18 16:00:00,27227.63,27489.94,26578.0,27329.83,84968.97465
2023-03-18 20:00:00,27329.14,27449.95,26810.0,26907.49,45007.19831
2023-03-19 00:00:00,26907.49,27255.19,26901.02,27198.71,36110.46659
2023-03-19 04:00:00,27198.71,27291.4,26827.22,26974.81,36337.34801
2023-03-19 08:00:00,26973.76,27200.0,26872.0,27160.98,41991.39588
2023-03-19 12:00:00,27162.33,27750.0,27110.12,27546.62,71743.09938
2023-03-19 16:00:00,27546.62,28376.0,27470.0,28255.87,113916.61398
2023-03-19 20:00:00,28255.35,28390.1,27738.0,27972.87,71968.0667
2023-03-20 00:00:00,27972.87,28057.44,27124.47,27269.17,78217.14607
2023-03-20 04:00:00,27269.18,28268.0,27141.36,28183.13,74108.85462
2023-03-20 08:00:00,28183.13,28472.0,27919.66,28188.93,101047.66229
2023-03-20 12:00:00,28188.95,28258.58,27620.0,27694.46,93832.37034
2023-03-20 16:00:00,27698.15,28041.48,27461.35,27785.1,82313.05852
2023-03-20 20:00:00,27784.57,28186.71,27577.02,27717.01,47859.14189
2023-03-21 00:00:00,27717.01,27953.33,27664.51,27787.29,50949.32902
2023-03-21 04:00:00,27787.29,27968.0,27303.1,27505.25,66335.07466
2023-03-21 08:00:00,27505.25,28177.0,27393.52,28040.13,82017.60625
2023-03-21 12:00:00,28040.13,28244.87,27730.0,28041.06,100474.3209
2023-03-21 16:00:00,28041.06,28438.55,27935.07,28126.84,84240.60599
2023-03-21 20:00:00,28126.85,28214.99,27900.0,28105.47,36912.80538
2023-03-22 00:00:00,28107.81,28280.0,27945.44,28154.14,37000.16051
2023-03-22 04:00:00,28154.14,28288.0,28028.24,28103.69,22588.25375
2023-03-22 08:00:00,28103.68,28213.23,28000.0,28122.74,16280.67428
2023-03-22 12:00:00,28122.73,28736.0,28105.35,28595.07,35677.15924
2023-03-22 16:00:00,28595.06,28868.05,26650.27,26667.33,84244.59506
2023-03-22 20:00:00,26668.8,27437.98,26601.8,27250.97,28322.57012
2023-03-23 00:00:00,27250.97,27428.69,27105.0,27356.78,13920.76715
2023-03-23 04:00:00,27356.79,27700.0,27258.0,27631.93,14310.97848
2023-03-23 08:00:00,27631.93,27738.27,27439.5,27584.53,11897.09818
2023-03-23 12:00:00,27584.52,28750.0,27275.92,28580.87,40190.57705
2023-03-23 16:00:00,28580.86,28647.05,27772.22,28369.99,34052.53912
2023-03-23 20:00:00,28369.82,28438.0,27967.93,28295.41,14277.6482
2023-03-24 00:00:00,28295.42,28374.3,28134.86,28219.98,8820.33865
2023-03-24 04:00:00,28219.98,28335.32,28102.15,28274.59,9065.12568
2023-03-24 08:00:00,28274.58,28295.72,27934.48,28080.0,14569.39777
2023-03-24 12:00:00,28079.99,28253.01,27835.0,28018.04,14181.52699
2023-03-24 16:00:00,28018.04,28059.63,27523.81,27821.6,20321.9705
2023-03-24 20:00:00,27821.59,27860.0,27000.0,27454.47,19283.70585
2023-03-25 00:00:00,27454.46,27658.2,27420.0,27581.65,7631.30004
2023-03-25 04:00:00,27581.65,27608.2,27375.9,27485.36,7176.48565
2023-03-25 08:00:00,27485.37,27537.79,27309.8,27457.2,7012.9894
2023-03-25 12:00:00,27457.19,27787.33,27357.14,27647.43,10741.6268
2023-03-25 16:00:00,27647.44,27730.0,27159.57,27189.68,11693.92908
2023-03-25 20:00:00,27189.69,27529.29,27156.09,27462.95,6587.75005
2023-03-26 00:00:00,27462.96,27650.0,27417.76,27529.26,5328.00445
2023-03-26 04:00:00,27529.27,27570.93,27462.15,27504.94,3807.16894
2023-03-26 08:00:00,27504.94,27915.08,27480.01,27865.95,8183.69994
2023-03-26 12:00:00,27865.96,28194.4,27695.0,27803.89,17696.05035
2023-03-26 16:00:00,27803.89,27934.57,27635.18,27827.95,5605.98308
2023-03-26 20:00:00,27827.95,28143.0,27670.71,27968.05,9050.79677
2023-03-27 00:00:00,27968.05,28023.86,27781.6,27888.68,6854.66298
2023-03-27 04:00:00,27888.68,27935.17,27666.0,27808.81,8855.5393
2023-03-27 08:00:00,27808.8,27996.28,27768.55,27892.69,7616.84015
2023-03-27 12:00:00,27892.69,27923.42,26508.14,26903.62,39066.20195
2023-03-27 16:00:00,26903.63,27313.42,26858.79,26968.94,16613.0284
2023-03-27 20:00:00,26968.93,27255.0,26877.82,27124.91,9033.1962
2023-03-28 00:00:00,27124.9,27176.05,26800.0,26971.71,11049.59827
2023-03-28 04:00:00,26971.71,27142.25,26872.11,26962.88,9458.87712
2023-03-28 08:00:00,26962.89,27155.38,26631.78,27057.36,15726.76618
2023-03-28 12:00:00,27057.36,27210.0,26835.31,26998.63,15937.25349
2023-03-28 16:00:00,26998.63,27520.0,26745.0,27425.99,18090.07394
2023-03-28 20:00:00,27425.98,27492.8,27095.66,27261.07,8339.87441
2023-03-29 00:00:00,27261.06,27479.36,27240.1,27367.45,7124.26009
2023-03-29 04:00:00,27367.44,28164.48,27349.68,28086.82,22445.56265
2023-03-29 08:00:00,28086.82,28650.0,28040.34,28353.99,23446.56936
2023-03-29 12:00:00,28354.0,28590.0,28230.85,28442.79,16417.40637
2023-03-29 16:00:00,28442.8,28448.68,28135.82,28419.49,11647.76233
2023-03-29 20:00:00,28419.49,28500.0,28211.0,28348.6,8404.59928
2023-03-30 00:00:00,28348.6,29184.68,28090.06,28489.18,28533.03962
2023-03-30 04:00:00,28489.19,28775.6,28442.79,28725.01,11891.4425
2023-03-30 08:00:00,28725.0,28748.76,28500.0,28644.79,10631.82494
2023-03-30 12:00:00,28644.79,28691.45,28169.5,28300.33,17202.57157
2023-03-30 16:00:00,28300.32,28301.01,27686.0,27986.09,20579.80879
2023-03-30 20:00:00,27986.1,28197.96,27786.66,28028.53,10026.74514
2023-03-31 00:00:00,28028.53,28375.0,27916.34,28168.41,11765.30998
2023-03-31 04:00:00,28168.41,28219.36,27511.71,27738.48,15529.91399
2023-03-31 08:00:00,27738.48,27992.05,27688.0,27927.97,10543.8057
2023-03-31 12:00:00,27927.97,28656.69,27870.93,28494.99,24322.41408
2023-03-31 16:00:00,28495.0,28541.18,28262.87,28469.31,9395.77884
2023-03-31 20:00:00,28469.31,28632.94,28337.46,28465.36,6640.8988
2023-04-01 00:00:00,28465.36,28819.71,28408.57,28541.1,7594.11361
2023-04-01 04:00:00,28541.1,28625.1,28351.35,28424.99,5673.20621
2023-04-01 08:00:00,28424.98,28485.11,28360.65,28372.85,4134.1087
2023-04-01 12:00:00,28372.84,28473.9,28220.27,28400.07,5187.63015
2023-04-01 16:00:00,28400.07,28443.04,28280.0,28381.98,3397.25326
2023-04-01 20:00:00,28381.97,28577.0,28379.63,28452.73,4252.1356
2023-04-02 00:00:00,28452.74,28530.0,28355.0,28476.59,3671.10292
2023-04-02 04:00:00,28476.58,28490.4,28381.54,28416.38,2774.33739
2023-04-02 08:00:00,28416.37,28450.9,28306.8,28357.93,3482.11028
2023-04-02 12:00:00,28357.93,28361.0,28037.59,28124.81,10410.79993
2023-04-02 16:00:00,28124.8,28229.9,27856.43,27943.85,9548.76463
2023-04-02 20:00:00,27943.84,28203.35,27858.29,28171.87,7478.54177
2023-04-03 00:00:00,28171.87,28182.17,27560.0,27753.85,11150.24369
2023-04-03 04:00:00,27753.85,27962.9,27588.0,27958.74,7740.46106
2023-04-03 08:00:00,27958.73,28500.99,27958.73,28253.73,16752.02691
2023-04-03 12:00:00,28253.73,28375.0,27945.19,28051.48,12843.96705
2023-04-03 16:00:00,28051.48,28238.53,27875.0,28081.08,10815.36454
2023-04-03 20:00:00,28081.08,28093.56,27200.24,27800.0,19877.9508
2023-04-04 00:00:00,27800.0,27965.0,27662.79,27855.06,7378.74569
2023-04-04 04:00:00,27855.06,28145.0,27775.37,28021.3,7401.39758
2023-04-04 08:00:00,28021.31,28444.44,27931.2,28289.52,11327.61021
2023-04-04 12:00:00,28289.51,28399.0,27947.59,28030.04,11827.84541
2023-04-04 16:00:00,28030.05,28260.0,27971.07,28189.25,6969.29766
2023-04-04 20:00:00,28189.25,28305.0,28078.63,28165.47,4817.66036
2023-04-05 00:00:00,28165.47,28775.0,28099.68,28544.72,14845.01269
2023-04-05 04:00:00,28544.73,28624.35,28455.0,28525.21,5559.92922
2023-04-05 08:00:00,28525.2,28600.0,28450.5,28554.38,5619.6494
2023-04-05 12:00:00,28554.37,28750.0,27860.0,28031.09,19633.382
2023-04-05 16:00:00,28031.09,28308.04,27805.1,28240.64,11011.74625
2023-04-05 20:00:00,28240.64,28300.0,28132.16,28170.01,4067.92776
2023-04-06 00:00:00,28170.01,28182.05,27878.6,28128.42,6441.25347
2023-04-06 04:00:00,28128.42,28130.0,27907.77,27910.97,4898.59822
2023-04-06 08:00:00,27910.97,28028.6,27711.0,27945.52,8497.72048
2023-04-06 12:00:00,27945.51,28181.05,27750.0,28090.39,10932.58337
2023-04-06 16:00:00,28090.39,28165.88,27950.9,28017.77,5293.83638
2023-04-06 20:00:00,28017.77,28121.87,27900.0,28033.82,4054.95771
2023-04-07 00:00:00,28033.83,28100.0,27926.52,28038.66,3144.63896
2023-04-07 04:00:00,28038.67,28062.73,27766.94,27839.78,4967.42754
2023-04-07 08:00:00,27839.79,27961.67,27785.0,27840.9,5563.5226
2023-04-07 12:00:00,27840.89,27984.75,27800.0,27944.1,5761.76975
2023-04-07 16:00:00,27944.09,27953.47,27856.0,27897.52,2550.36482
2023-04-07 20:00:00,27897.51,27980.74,27839.02,27906.33,2774.3702
2023-04-08 00:00:00,27906.34,28059.39,27859.02,28023.39,3614.73585
2023-04-08 04:00:00,28023.39,28154.99,27974.14,28086.22,4034.10068
2023-04-08 08:00:00,28086.22,28114.94,27990.57,28016.09,2664.16144
2023-04-08 12:00:00,28016.09,28057.0,27950.0,28014.7,3002.75065
2023-04-08 16:00:00,28014.71,28020.0,27872.11,27924.13,3619.71605
2023-04-08 20:00:00,27924.13,27987.41,27885.86,27938.38,2544.50268
2023-04-09 00:00:00,27938.38,28083.45,27924.9,28027.71,3682.55851
2023-04-09 04:00:00,28027.71,28067.46,27840.51,27903.02,5008.26881
2023-04-09 08:00:00,27903.01,27949.99,27800.0,27930.2,3470.02822
2023-04-09 12:00:00,27930.2,27973.39,27800.0,27891.91,3818.27012
2023-04-09 16:00:00,27891.91,28250.0,27876.68,28140.4,6527.39031
2023-04-09 20:00:00,28140.41,28530.0,28094.5,28323.76,10024.64504
2023-04-10 00:00:00,28323.76,28425.43,28244.18,28278.45,5372.26276
2023-04-10 04:00:00,28278.45,28325.43,28196.61,28284.57,4995.24453
2023-04-10 08:00:00,28284.57,28375.02,28275.01,28305.6,5234.32286
2023-04-10 12:00:00,28305.59,28575.04,28170.0,28439.38,10137.40167
2023-04-10 16:00:00,28439.39,29380.0,28356.51,29173.06,27035.28756
2023-04-10 20:00:00,29173.05,29770.0,29069.1,29637.34,14979.54282
2023-04-11 00:00:00,29637.35,30430.0,29590.0,30115.95,20828.19269
2023-04-11 04:00:00,30115.95,30169.14,29800.0,30106.89,10285.50672
2023-04-11 08:00:00,30106.9,30147.38,29974.0,30055.15,7339.48746
2023-04-11 12:00:00,30055.14,30280.0,29975.0,30194.22,11314.16156
2023-04-11 16:00:00,30194.23,30550.0,30040.0,30130.02,10970.16011
2023-04-11 20:00:00,30130.02,30274.19,29940.0,30200.42,7252.56767
2023-04-12 00:00:00,30200.43,30350.07,29811.82,29922.04,11394.97178
2023-04-12 04:00:00,29922.04,30070.42,29850.0,29987.0,6069.48422
2023-04-12 08:00:00,29986.99,30050.47,29895.98,30016.3,5584.43686
2023-04-12 12:00:00,30016.31,30486.0,29637.4,29964.02,26308.52652
2023-04-12 16:00:00,29964.03,30091.01,29760.13,29798.59,8528.50057
2023-04-12 20:00:00,29798.59,29979.74,29775.68,29888.07,4163.56456
2023-04-13 00:00:00,29888.07,30200.0,29854.59,30072.17,5485.41854
2023-04-13 04:00:00,30072.17,30128.59,29982.93,30068.6,5087.64391
2023-04-13 08:00:00,30068.6,30374.87,30039.0,30159.82,10749.49629
2023-04-13 12:00:00,30159.81,30595.0,30134.16,30441.43,14771.58975
2023-04-13 16:00:00,30441.43,30535.76,30262.4,30335.13,9458.03277
2023-04-13 20:00:00,30335.13,30394.7,30205.0,30373.84,6381.93605
2023-04-14 00:00:00,30373.84,30893.79,30310.03,30690.88,18523.2894
2023-04-14 04:00:00,30690.89,31000.0,30674.53,30733.72,11910.85727
2023-04-14 08:00:00,30733.73,30827.27,30657.14,30801.89,7627.76445
2023-04-14 12:00:00,30801.89,30850.0,30101.0,30237.89,19633.71604
2023-04-14 16:00:00,30237.88,30357.8,29966.0,30324.09,12230.50318
2023-04-14 20:00:00,30324.09,30522.07,30272.25,30466.93,6058.06418
2023-04-15 00:00:00,30466.93,30595.6,30278.08,30376.14,5746.9438
2023-04-15 04:00:00,30376.13,30467.92,30337.97,30433.3,4154.39976
2023-04-15 08:00:00,30433.29,30470.0,30364.7,30385.3,3667.82496
2023-04-15 12:00:00,30385.31,30444.0,30285.0,30325.27,4272.47036
2023-04-15 16:00:00,30325.27,30339.35,30202.0,30331.74,4726.84822
2023-04-15 20:00:00,30331.74,30360.19,30236.39,30295.09,2861.32537
2023-04-16 00:00:00,30295.1,30319.04,30120.0,30249.37,3384.26015
2023-04-16 04:00:00,30249.36,30399.4,30245.82,30344.97,2921.29461
2023-04-16 08:00:00,30344.97,30353.96,30220.4,30226.45,3645.14709
2023-04-16 12:00:00,30226.46,30362.0,30160.4,30332.98,4673.57527
2023-04-16 16:00:00,30332.98,30549.99,30259.69,30309.06,6879.44808
2023-04-16 20:00:00,30309.05,30407.98,30192.0,30304.65,4928.26802
2023-04-17 00:00:00,30304.66,30316.06,29740.64,29982.8,13105.03703
2023-04-17 04:00:00,29982.8,30007.56,29832.0,29838.3,5573.07492
2023-04-17 08:00:00,29838.3,29922.5,29366.0,29570.81,11957.93933
2023-04-17 12:00:00,29570.8,29593.14,29240.65,29358.31,13750.46214
2023-04-17 16:00:00,29358.3,29580.17,29330.85,29467.24,7312.65763
2023-04-17 20:00:00,29467.25,29536.93,29391.92,29430.27,4742.64022
2023-04-18 00:00:00,29430.27,29500.0,29096.78,29446.99,7340.04494
2023-04-18 04:00:00,29447.0,29803.0,29442.56,29775.62,8003.36187
2023-04-18 08:00:00,29775.61,30381.68,29693.1,30380.59,13941.09794
2023-04-18 12:00:00,30380.59,30485.0,30099.37,30184.86,16268.45181
2023-04-18 16:00:00,30184.85,30274.21,29945.58,30221.52,9976.92726
2023-04-18 20:00:00,30221.53,30450.0,30150.0,30380.01,6475.01052
2023-04-19 00:00:00,30380.01,30413.53,30126.0,30211.23,5329.7858
2023-04-19 04:00:00,30211.23,30325.51,29980.0,30077.76,7472.46844
2023-04-19 08:00:00,30077.76,30077.76,29000.0,29310.65,32617.02212
2023-04-19 12:00:00,29310.64,29500.0,29100.0,29260.44,12985.95001
2023-04-19 16:00:00,29260.43,29370.0,29080.0,29227.07,8902.9979
2023-04-19 20:00:00,29227.06,29315.61,28520.0,28797.1,19267.26229
2023-04-20 00:00:00,28797.1,29000.0,28549.0,28862.52,11329.84169
2023-04-20 04:00:00,28862.51,29088.3,28818.8,28869.66,7669.56391
2023-04-20 08:00:00,28869.66,28951.0,28590.0,28607.13,8737.40051
2023-04-20 12:00:00,28607.12,28978.69,28334.0,28506.69,18458.73713
2023-04-20 16:00:00,28506.7,28658.81,28010.0,28104.38,21464.77891
2023-04-20 20:00:00,28104.38,28365.5,28012.0,28243.65,9218.77157
2023-04-21 00:00:00,28243.65,28374.02,28090.0,28321.41,7136.4826
2023-04-21 04:00:00,28321.42,28348.0,27815.89,28155.03,14964.65602
2023-04-21 08:00:00,28155.02,28237.3,27919.69,28066.21,9486.35341
2023-04-21 12:00:00,28066.22,28308.45,27962.65,28040.7,14095.50499
2023-04-21 16:00:00,28040.7,28090.54,27184.54,27279.91,20779.11295
2023-04-21 20:00:00,27279.9,27409.62,27125.0,27262.84,11222.65793
2023-04-22 00:00:00,27262.84,27367.77,27140.35,27322.16,5410.17958
2023-04-22 04:00:00,27322.15,27397.63,27225.0,27277.76,4190.23201
2023-04-22 08:00:00,27277.75,27324.58,27184.24,27286.65,4851.36968
2023-04-22 12:00:00,27286.65,27562.17,27231.0,27488.93,6866.08949
2023-04-22 16:00:00,27488.93,27804.38,27484.63,27622.61,8389.52746
2023-04-22 20:00:00,27622.61,27882.72,27566.91,27816.85,6316.29864
2023-04-23 00:00:00,27816.85,27816.85,27415.56,27557.84,6582.80343
2023-04-23 04:00:00,27557.83,27751.47,27531.85,27718.9,4072.92515
2023-04-23 08:00:00,27718.89,27777.0,27482.79,27642.9,5189.51221
2023-04-23 12:00:00,27642.89,27735.25,27311.25,27474.47,5943.17948
2023-04-23 16:00:00,27474.47,27689.83,27330.0,27465.77,8237.43783
2023-04-23 20:00:00,27465.78,27650.28,27402.88,27590.6,4786.23771
2023-04-24 00:00:00,27590.59,28000.0,27427.3,27790.48,8178.33983
2023-04-24 04:00:00,27790.49,27800.0,27350.0,27451.97,6200.98667
2023-04-24 08:00:00,27451.98,27553.24,27157.14,27550.84,10313.90924
2023-04-24 12:00:00,27550.83,27720.57,27200.0,27267.05,11420.22805
2023-04-24 16:00:00,27267.06,27579.8,26942.82,27383.29,12309.41846
2023-04-24 20:00:00,27383.28,27560.73,27320.47,27510.93,4688.68649
2023-04-25 00:00:00,27510.93,27590.28,27313.74,27345.72,5310.06861
2023-04-25 04:00:00,27345.71,27459.58,27240.8,27266.54,5140.31121
2023-04-25 08:00:00,27266.54,27443.63,27192.0,27390.96,6631.97649
2023-04-25 12:00:00,27390.96,27482.71,27199.17,27345.0,8847.60442
2023-04-25 16:00:00,27345.0,27790.19,27316.2,27611.4,10129.47641
2023-04-25 20:00:00,27611.39,28399.99,27611.01,28300.79,16265.70923
2023-04-26 00:00:00,28300.8,28481.0,28244.62,28309.1,9794.44476
2023-04-26 04:00:00,28309.09,28599.0,28301.05,28376.18,8441.48637
2023-04-26 08:00:00,28376.19,29138.83,28371.99,28952.32,21338.25434
2023-04-26 12:00:00,28952.31,30036.0,28952.31,29820.03,29557.57382
2023-04-26 16:00:00,29820.02,29900.0,27694.06,27884.24,27955.54863
2023-04-26 20:00:00,27884.25,28739.99,27235.0,28415.29,32141.09611
2023-04-27 00:00:00,28415.29,29480.5,28378.86,28885.79,22447.76067
2023-04-27 04:00:00,28885.78,29278.88,28632.25,28893.83,12428.75979
2023-04-27 08:00:00,28893.84,29139.85,28780.45,28934.21,11084.1798
2023-04-27 12:00:00,28934.21,29555.0,28661.58,29149.73,17936.04093
2023-04-27 16:00:00,29149.74,29890.0,29013.44,29673.98,20847.10485
2023-04-27 20:00:00,29673.98,29783.15,29255.53,29472.77,10686.97827
2023-04-28 00:00:00,29472.77,29599.54,29330.0,29420.52,9071.8883
2023-04-28 04:00:00,29420.52,29566.92,29396.89,29488.83,7539.59531
2023-04-28 08:00:00,29488.83,29495.34,29137.76,29235.36,9546.8493
2023-04-28 12:00:00,29235.36,29467.36,28891.0,29146.89,16054.08157
2023-04-28 16:00:00,29146.88,29437.81,29101.28,29328.53,8039.55295
2023-04-28 20:00:00,29328.53,29429.36,29276.75,29311.7,4046.19835
2023-04-29 00:00:00,29311.69,29400.0,29195.58,29345.74,4266.76284
2023-04-29 04:00:00,29345.75,29448.88,29289.44,29345.54,3485.37764
2023-04-29 08:00:00,29345.54,29360.0,29234.39,29332.11,3230.99493
2023-04-29 12:00:00,29332.11,29393.39,29210.24,29271.21,3619.27524
2023-04-29 16:00:00,29271.21,29309.05,29031.0,29240.67,3877.98484
2023-04-29 20:00:00,29240.68,29265.0,29138.25,29230.45,1986.43509
2023-04-30 00:00:00,29230.45,29230.49,29079.59,29178.87,2342.26797
2023-04-30 04:00:00,29178.88,29295.96,29171.22,29266.43,2111.33452
2023-04-30 08:00:00,29266.43,29348.31,29160.53,29197.01,2785.88414
2023-04-30 12:00:00,29197.02,29969.39,29182.74,29655.18,12772.70758
2023-04-30 16:00:00,29655.18,29870.22,29211.28,29361.13,12470.01847
2023-04-30 20:00:00,29361.13,29486.5,29160.96,29233.21,7270.32452
2023-05-01 00:00:00,29233.2,29337.34,28369.95,28561.06,15966.85068
2023-05-01 04:00:00,28561.07,28713.94,28250.15,28629.09,8593.24272
2023-05-01 08:00:00,28629.08,28670.1,28487.42,28523.86,4839.78726
2023-05-01 12:00:00,28523.85,28629.42,28075.36,28170.64,12056.92682
2023-05-01 16:00:00,28170.64,28410.95,27799.99,27843.36,14168.83144
2023-05-01 20:00:00,27843.35,28159.26,27666.95,28068.26,8808.02066
2023-05-02 00:00:00,28068.26,28145.6,27918.49,28043.76,5134.45129
2023-05-02 04:00:00,28043.75,28164.55,27872.0,28057.47,4237.79005
2023-05-02 08:00:00,28057.47,28133.33,27939.4,28084.83,5040.42695
2023-05-02 12:00:00,28084.83,28767.08,27910.0,28540.68,20134.60393
2023-05-02 16:00:00,28540.69,28879.88,28431.48,28686.14,10323.68451
2023-05-02 20:00:00,28686.13,28815.43,28616.08,28669.86,5953.56567
2023-05-03 00:00:00,28669.85,28689.35,28336.3,28520.9,6054.38189
2023-05-03 04:00:00,28520.89,28680.0,28427.56,28653.8,5308.0261
2023-05-03 08:00:00,28653.81,28767.93,28526.18,28543.74,6103.80959
2023-05-03 12:00:00,28543.73,28583.33,28113.69,28311.51,13681.91671
2023-05-03 16:00:00,28311.52,28800.0,28211.08,28322.98,19116.3162
2023-05-03 20:00:00,28322.97,29266.66,28285.19,29026.16,14351.34164
2023-05-04 00:00:00,29026.16,29195.94,28950.98,29096.86,6023.39211
2023-05-04 04:00:00,29096.85,29237.73,29038.31,29058.19,5854.55975
2023-05-04 08:00:00,29058.2,29379.83,28982.58,29154.66,6802.18312
2023-05-04 12:00:00,29154.65,29232.87,28663.64,28866.19,13921.52127
2023-05-04 16:00:00,28866.2,28972.92,28673.59,28895.12,6804.94862
2023-05-04 20:00:00,28895.31,28920.0,28748.0,28838.16,3168.87014
2023-05-05 00:00:00,28838.16,29531.0,28819.77,29198.23,11947.31875
2023-05-05 04:00:00,29198.22,29275.0,29029.87,29062.29,7022.92515
2023-05-05 08:00:00,29062.29,29195.97,29022.27,29149.36,5306.30763
2023-05-05 12:00:00,29149.36,29439.99,28800.0,29356.45,16673.08266
2023-05-05 16:00:00,29356.44,29677.0,29315.78,29561.66,13062.47594
2023-05-05 20:00:00,29561.66,29650.0,29450.69,29505.61,4403.72035
2023-05-06 00:00:00,29505.6,29820.0,29337.83,29353.61,8317.65484
2023-05-06 04:00:00,29353.62,29437.01,29250.65,29363.35,4244.22179
2023-05-06 08:00:00,29363.34,29367.2,29132.14,29266.15,7223.00274
2023-05-06 12:00:00,29266.16,29267.24,28300.0,28576.61,17920.04251
2023-05-06 16:00:00,28576.62,28964.68,28535.26,28842.82,7823.22553
2023-05-06 20:00:00,28842.82,28880.49,28642.0,28848.2,3721.13718
2023-05-07 00:00:00,28848.19,29138.29,28744.08,28798.56,6222.87665
2023-05-07 04:00:00,28798.57,28952.56,28787.02,28910.41,3568.17865
2023-05-07 08:00:00,28910.42,28960.03,28705.12,28840.06,4273.23723
2023-05-07 12:00:00,28840.07,29095.88,28840.0,28942.67,5289.32095
2023-05-07 16:00:00,28942.66,29029.11,28770.69,28907.73,4257.69952
2023-05-07 20:00:00,28907.73,28952.87,28395.23,28430.1,6392.09728
2023-05-08 00:00:00,28430.09,28631.01,28004.23,28199.71,14859.1196
2023-05-08 04:00:00,28199.72,28262.19,27830.85,27975.48,8390.05014
2023-05-08 08:00:00,27975.47,27989.11,27577.01,27934.09,12536.98963
2023-05-08 12:00:00,27934.09,28082.14,27669.5,27887.58,11265.19598
2023-05-08 16:00:00,27887.58,27930.21,27289.39,27340.72,15387.57351
2023-05-08 20:00:00,27340.72,27699.8,27262.0,27668.79,5805.43293
2023-05-09 00:00:00,27668.8,27749.34,27534.55,27629.34,6065.10248
2023-05-09 04:00:00,27629.35,27673.72,27437.32,27666.64,6284.15386
2023-05-09 08:00:00,27666.63,27728.99,27517.7,27678.31,6095.98208
2023-05-09 12:00:00,27678.31,27818.0,27370.01,27400.39,10521.56892
2023-05-09 16:00:00,27400.39,27750.0,27353.0,27716.32,7606.46136
2023-05-09 20:00:00,27716.32,27775.18,27521.49,27628.27,3540.04199
2023-05-10 00:00:00,27628.28,27849.94,27620.19,27685.29,5494.08267
2023-05-10 04:00:00,27685.29,27720.97,27529.88,27542.26,4166.55679
2023-05-10 08:00:00,27542.26,27679.1,27474.91,27677.09,4341.29032
2023-05-10 12:00:00,27677.08,28331.42,27635.81,28153.2,20173.02813
2023-05-10 16:00:00,28153.21,28299.15,26777.0,27692.26,27681.52219
2023-05-10 20:00:00,27692.27,27982.23,27219.0,27598.75,9298.63345
2023-05-11 00:00:00,27598.74,27622.68,27367.76,27446.9,5751.34688
2023-05-11 04:00:00,27446.9,27553.21,27395.88,27450.07,4068.24392
2023-05-11 08:00:00,27450.07,27490.29,27257.98,27405.61,5364.94429
2023-05-11 12:00:00,27405.62,27630.14,26952.0,27179.42,14153.77268
2023-05-11 16:00:00,27179.43,27219.52,26702.05,26843.05,13568.21685
2023-05-11 20:00:00,26843.06,27060.47,26807.22,26968.62,4728.78903
2023-05-12 00:00:00,26968.61,27091.12,26528.01,26584.32,9615.45856
2023-05-12 04:00:00,26584.33,26710.0,26120.74,26311.52,15964.27071
2023-05-12 08:00:00,26311.51,26437.0,26234.79,26348.01,6428.01795
2023-05-12 12:00:00,26348.02,26614.67,26271.65,26320.84,10467.89536
2023-05-12 16:00:00,26320.83,26500.0,25811.46,26459.62,13923.67108
2023-05-12 20:00:00,26459.63,26894.9,26360.85,26795.01,10808.62128
2023-05-13 00:00:00,26795.01,26983.98,26692.03,26808.27,5326.73837
2023-05-13 04:00:00,26808.27,26870.19,26695.41,26771.88,3324.74278
2023-05-13 08:00:00,26771.87,26877.0,26746.53,26823.94,2880.66763
2023-05-13 12:00:00,26823.93,26904.98,26736.0,26816.25,3969.69792
2023-05-13 16:00:00,26816.25,27045.45,26757.32,26837.94,4607.2156
2023-05-13 20:00:00,26837.93,26939.4,26750.0,26775.28,2705.84191
2023-05-14 00:00:00,26775.27,26874.42,26560.53,26865.03,4054.69409
2023-05-14 04:00:00,26865.04,26898.87,26793.53,26855.21,1996.19316
2023-05-14 08:00:00,26855.22,26886.73,26790.02,26805.98,2360.00891
2023-05-14 12:00:00,26805.97,27200.0,26744.7,27082.02,6476.4122
2023-05-14 16:00:00,27082.01,27135.04,26827.23,26878.97,4269.87056
2023-05-14 20:00:00,26878.96,26961.55,26842.57,26917.62,2437.62468
2023-05-15 00:00:00,26917.61,27290.93,26726.0,27232.8,8804.15424
2023-05-15 04:00:00,27232.8,27550.03,27180.01,27407.48,9336.327
2023-05-15 08:00:00,27407.47,27485.5,27315.55,27336.12,4994.35313
2023-05-15 12:00:00,27336.12,27534.0,27221.2,27396.8,6016.97493
2023-05-15 16:00:00,27396.81,27663.59,27317.9,27418.24,7697.17284
2023-05-15 20:00:00,27418.24,27418.24,27126.73,27162.14,3581.10119
2023-05-16 00:00:00,27162.15,27296.89,26852.11,27130.0,7412.18425
2023-05-16 04:00:00,27130.02,27252.59,26993.71,27252.58,4084.89688
2023-05-16 08:00:00,27252.58,27286.08,26987.02,27059.03,6519.02741
2023-05-16 12:00:00,27059.03,27137.69,26900.0,27038.02,7185.69731
2023-05-16 16:00:00,27038.01,27151.51,26880.0,26933.05,5291.70789
2023-05-16 20:00:00,26933.06,27049.74,26897.34,27033.84,2776.94077
2023-05-17 00:00:00,27033.85,27238.55,26982.93,27060.04,4465.66046
2023-05-17 04:00:00,27060.05,27100.0,26760.0,26845.14,5043.29563
2023-05-17 08:00:00,26845.14,26914.3,26573.62,26637.62,7683.56934
2023-05-17 12:00:00,26637.61,26836.06,26544.71,26796.93,8211.97472
2023-05-17 16:00:00,26796.93,27447.29,26741.36,27385.09,11344.69624
2023-05-17 20:00:00,27385.09,27500.0,27274.45,27405.61,6209.78146
2023-05-18 00:00:00,27405.62,27485.33,27286.58,27365.69,4794.02065
2023-05-18 04:00:00,27365.69,27454.14,27152.29,27391.61,5687.90418
2023-05-18 08:00:00,27391.61,27440.01,27334.02,27398.97,4932.72046
2023-05-18 12:00:00,27398.97,27472.14,27021.95,27086.77,11379.91575
2023-05-18 16:00:00,27086.78,27118.36,26361.2,26734.01,17649.2143
2023-05-18 20:00:00,26734.01,27065.27,26691.2,26821.28,4754.87609
2023-05-19 00:00:00,26821.28,26929.04,26749.33,26834.73,3284.92163
2023-05-19 04:00:00,26834.73,26960.24,26812.03,26851.38,3895.84769
2023-05-19 08:00:00,26851.39,26926.61,26790.72,26855.89,3835.92219
2023-05-19 12:00:00,26855.9,27183.6,26630.0,26883.65,10729.53517
2023-05-19 16:00:00,26883.65,26973.56,26780.73,26834.46,5009.72566
2023-05-19 20:00:00,26834.47,26921.21,26807.73,26880.26,1998.1831
2023-05-20 00:00:00,26880.26,26908.42,26825.11,26865.58,1482.13696
2023-05-20 04:00:00,26865.59,26873.63,26835.1,26854.98,1564.32919
2023-05-20 08:00:00,26854.98,26917.38,26854.97,26880.06,1835.86678
2023-05-20 12:00:00,26880.05,26976.0,26875.51,26945.66,2592.17838
2023-05-20 16:00:00,26945.67,27150.0,26913.25,27063.03,4920.8158
2023-05-20 20:00:00,27063.04,27129.36,26967.18,27102.43,2039.22007
2023-05-21 00:00:00,27102.42,27277.55,27063.09,27176.22,3192.89918
2023-05-21 04:00:00,27176.22,27176.22,27047.88,27054.99,2189.06207
2023-05-21 08:00:00,27055.0,27085.81,26776.23,26829.94,5097.44885
2023-05-21 12:00:00,26829.93,26977.0,26803.58,26898.97,4298.7889
2023-05-21 16:00:00,26898.97,26933.33,26832.98,26902.12,2779.63268
2023-05-21 20:00:00,26902.13,26926.29,26666.03,26747.78,3790.04111
2023-05-22 00:00:00,26747.78,26779.54,26538.21,26644.8,5217.78929
2023-05-22 04:00:00,26644.8,26913.14,26643.12,26843.13,4019.96121
2023-05-22 08:00:00,26843.12,26900.0,26767.34,26826.78,2625.2567
2023-05-22 12:00:00,26826.79,27099.89,26702.91,26877.18,8413.07143
2023-05-22 16:00:00,26877.17,26930.0,26781.99,26862.43,4148.42459
2023-05-22 20:00:00,26862.43,26959.52,26833.21,26849.27,2034.33506
2023-05-23 00:00:00,26849.28,27442.03,26798.11,27366.67,11734.74573
2023-05-23 04:00:00,27366.67,27495.83,27205.01,27304.4,9379.21247
2023-05-23 08:00:00,27304.4,27349.0,27250.32,27337.36,4034.79813
2023-05-23 12:00:00,27337.36,27386.26,27175.19,27320.05,5982.18313
2023-05-23 16:00:00,27320.04,27328.48,27100.79,27181.22,4947.99802
2023-05-23 20:00:00,27181.23,27249.38,27151.38,27219.61,2621.9011
2023-05-24 00:00:00,27219.61,27219.61,26649.88,26786.0,8310.29731
2023-05-24 04:00:00,26786.01,26830.42,26613.0,26678.67,7316.11741
2023-05-24 08:00:00,26678.67,26839.02,26670.0,26742.24,5232.44209
2023-05-24 12:00:00,26742.25,26742.25,26080.5,26314.69,19023.6564
2023-05-24 16:00:00,26314.69,26397.64,26159.97,26252.33,8949.56603
2023-05-24 20:00:00,26252.34,26486.46,26242.62,26329.01,5560.98646
2023-05-25 00:00:00,26329.0,26394.37,25871.89,26183.72,8738.553
2023-05-25 04:00:00,26183.73,26300.0,26126.76,26131.27,4175.09584
2023-05-25 08:00:00,26131.27,26335.16,26128.37,26296.62,4349.74729
2023-05-25 12:00:00,26296.61,26499.99,26168.6,26226.12,9538.70156
2023-05-25 16:00:00,26226.12,26631.98,26207.47,26468.68,7740.72317
2023-05-25 20:00:00,26468.67,26551.02,26432.46,26473.79,2892.62809
2023-05-26 00:00:00,26473.8,26539.34,26350.0,26435.14,4447.14298
2023-05-26 04:00:00,26435.14,26534.05,26327.24,26501.33,3969.78034
2023-05-26 08:00:00,26501.34,26549.0,26423.62,26463.29,5035.26395
2023-05-26 12:00:00,26463.29,26932.16,26355.81,26750.21,12837.29542
2023-05-26 16:00:00,26750.22,26837.34,26610.49,26767.21,6306.29004
2023-05-26 20:00:00,26767.22,26807.5,26686.0,26705.92,2465.4144
2023-05-27 00:00:00,26705.93,26782.73,26633.0,26752.0,2670.95052
2023-05-27 04:00:00,26752.0,26786.51,26710.0,26722.8,2156.5994
2023-05-27 08:00:00,26722.8,26732.66,26666.37,26699.02,2242.83881
2023-05-27 12:00:00,26699.02,26777.77,26551.0,26690.05,3174.31189
2023-05-27 16:00:00,26690.06,26846.0,26620.35,26729.6,2781.7237
2023-05-27 20:00:00,26729.6,26895.0,26726.01,26854.27,2069.26238
2023-05-28 00:00:00,26854.28,27247.1,26764.36,27187.23,8004.20461
2023-05-28 04:00:00,27187.24,27285.52,27128.41,27226.37,5618.39448
2023-05-28 08:00:00,27226.38,27344.23,27136.01,27153.76,4114.67614
2023-05-28 12:00:00,27153.76,27280.0,27100.02,27272.17,4058.9424
2023-05-28 16:00:00,27272.17,27746.33,27212.91,27525.99,10140.27075
2023-05-28 20:00:00,27525.99,28261.32,27525.99,28065.0,11979.52017
2023-05-29 00:00:00,28065.01,28447.14,27914.28,27954.99,12178.46709
2023-05-29 04:00:00,27954.99,28047.01,27841.0,27907.87,6651.3647
2023-05-29 08:00:00,27907.86,27971.01,27745.78,27913.87,5028.062
2023-05-29 12:00:00,27913.87,27949.7,27588.0,27630.51,7542.99192
2023-05-29 16:00:00,27630.5,27737.99,27524.6,27637.94,7602.66189
2023-05-29 20:00:00,27637.94,27818.0,27554.57,27736.4,3381.87185
2023-05-30 00:00:00,27736.39,27940.55,27584.45,27829.23,4057.20611
2023-05-30 04:00:00,27829.23,27848.28,27672.93,27733.22,3551.68079
2023-05-30 08:00:00,27733.22,28038.59,27712.19,28021.4,6468.5174
2023-05-30 12:00:00,28021.39,28027.78,27615.0,27673.08,9424.08758
2023-05-30 16:00:00,27673.08,27862.84,27554.0,27850.2,5809.72829
2023-05-30 20:00:00,27850.21,27855.13,27651.17,27694.4,3375.53354
2023-05-31 00:00:00,27694.39,27835.51,27571.04,27657.3,4589.66625
2023-05-31 04:00:00,27657.29,27677.67,26968.49,27167.9,14852.80264
2023-05-31 08:00:00,27167.91,27203.73,26994.33,27097.18,7051.71041
2023-05-31 12:00:00,27097.18,27231.34,26851.0,26911.54,10524.42883
2023-05-31 16:00:00,26911.55,27123.43,26839.01,27010.57,5607.89699
2023-05-31 20:00:00,27010.57,27299.99,27005.16,27210.35,3962.30061
2023-06-01 00:00:00,27210.36,27350.0,26605.05,26779.94,11213.18795
2023-06-01 04:00:00,26779.93,26883.6,26746.0,26802.67,4613.77433
2023-06-01 08:00:00,26802.66,26951.07,26790.96,26892.96,4275.56782
2023-06-01 12:00:00,26892.95,26981.34,26782.53,26894.48,6481.67546
2023-06-01 16:00:00,26894.47,27175.0,26656.0,26862.68,8974.24713
2023-06-01 20:00:00,26862.68,26942.98,26713.34,26817.93,3659.35611
2023-06-02 00:00:00,26817.93,27017.0,26505.0,27000.0,7016.0416
2023-06-02 04:00:00,27000.01,27213.0,26949.4,27049.65,6856.64454
2023-06-02 08:00:00,27049.65,27183.07,27049.38,27130.75,3577.11
2023-06-02 12:00:00,27130.75,27240.0,26860.71,27095.92,9100.69076
2023-06-02 16:00:00,27095.93,27287.64,27006.22,27239.02,6294.35686
2023-06-02 20:00:00,27239.03,27300.0,27143.37,27242.59,3536.05893
2023-06-03 00:00:00,27242.59,27242.6,27092.0,27143.2,2715.88602
2023-06-03 04:00:00,27143.2,27212.78,27105.73,27174.42,1822.46448
2023-06-03 08:00:00,27174.42,27181.0,27112.73,27129.79,2020.98723
2023-06-03 12:00:00,27129.78,27333.29,27126.85,27305.26,3088.32066
2023-06-03 16:00:00,27305.27,27318.63,27025.59,27096.36,4087.75798
2023-06-03 20:00:00,27096.37,27124.68,26914.93,27069.22,2859.9248
2023-06-04 00:00:00,27069.22,27100.43,26951.0,27061.38,2017.63875
2023-06-04 04:00:00,27061.37,27163.94,27027.0,27150.45,2458.23876
2023-06-04 08:00:00,27150.46,27249.86,27123.81,27198.55,2737.05084
2023-06-04 12:00:00,27198.54,27298.0,27160.11,27179.0,3447.67191
2023-06-04 16:00:00,27179.0,27222.0,27155.0,27213.11,1986.61888
2023-06-04 20:00:00,27213.11,27455.02,27043.65,27115.21,6611.19135
2023-06-05 00:00:00,27115.2,27129.33,26791.04,26843.58,6449.76559
2023-06-05 04:00:00,26843.57,26870.54,26740.38,26829.99,5422.13247
2023-06-05 08:00:00,26830.0,26840.77,26668.0,26773.39,4723.46593
2023-06-05 12:00:00,26773.39,26817.61,26000.0,26007.53,14719.7066
2023-06-05 16:00:00,26007.53,26074.51,25388.0,25629.99,27456.05814
2023-06-05 20:00:00,25630.0,25858.42,25509.98,25728.2,7034.47432
2023-06-06 00:00:00,25728.2,25801.09,25601.0,25730.83,5737.28976
2023-06-06 04:00:00,25730.83,25821.41,25706.18,25722.33,4562.45045
2023-06-06 08:00:00,25722.34,25797.0,25640.33,25686.64,4705.4168
2023-06-06 12:00:00,25686.64,26143.69,25351.02,26066.11,18580.6297
2023-06-06 16:00:00,26066.12,27216.89,26066.11,27080.13,21954.76955
2023-06-06 20:00:00,27080.12,27355.33,26857.92,27230.08,12852.04812
2023-06-07 00:00:00,27230.07,27391.77,26720.47,26909.01,11374.06381
2023-06-07 04:00:00,26909.01,26980.04,26753.01,26795.87,5395.14109
2023-06-07 08:00:00,26795.87,26968.0,26352.0,26896.14,12299.41041
2023-06-07 12:00:00,26896.14,26932.1,26236.0,26349.52,16129.1175
2023-06-07 16:00:00,26349.52,26553.78,26240.47,26482.42,7669.83392
2023-06-07 20:00:00,26482.43,26493.3,26125.01,26339.34,6751.87691
2023-06-08 00:00:00,26339.34,26470.0,26210.0,26344.17,5218.61987
2023-06-08 04:00:00,26344.16,26523.93,26290.19,26444.69,3725.37329
2023-06-08 08:00:00,26444.68,26504.94,26368.04,26432.0,3204.5364
2023-06-08 12:00:00,26432.01,26810.0,26300.0,26721.68,10657.94023
2023-06-08 16:00:00,26721.69,26732.24,26414.02,26539.9,5458.16496
2023-06-08 20:00:00,26539.86,26649.97,26488.01,26498.61,2810.87608
2023-06-09 00:00:00,26498.62,26596.58,26269.91,26483.7,5322.52752
2023-06-09 04:00:00,26483.69,26576.55,26424.35,26493.43,3615.92481
2023-06-09 08:00:00,26493.44,26685.43,26491.66,26610.19,4887.18214
2023-06-09 12:00:00,26610.18,26783.33,26452.86,26477.37,7205.6206
2023-06-09 16:00:00,26477.36,26529.54,26383.05,26407.15,4445.40191
2023-06-09 20:00:00,26407.15,26500.0,26397.11,26477.81,2458.05272
2023-06-10 00:00:00,26477.8,26533.87,26266.0,26323.07,5021.65979
2023-06-10 04:00:00,26323.07,26349.17,25456.41,25651.09,28094.05597
2023-06-10 08:00:00,25651.08,25750.25,25561.25,25731.4,7165.46892
2023-06-10 12:00:00,25731.41,25731.41,25572.94,25628.8,5268.77063
2023-06-10 16:00:00,25628.81,26154.0,25358.0,25750.0,14974.92299
2023-06-10 20:00:00,25750.01,25932.02,25679.59,25841.21,4419.72278
2023-06-11 00:00:00,25841.22,25864.32,25695.0,25727.51,4218.10619
2023-06-11 04:00:00,25727.51,25834.59,25634.7,25741.33,3668.97441
2023-06-11 08:00:00,25741.32,25842.44,25695.0,25796.06,3776.68664
2023-06-11 12:00:00,25796.05,25806.11,25672.68,25751.36,4082.10621
2023-06-11 16:00:00,25751.36,26106.66,25738.07,26030.89,8314.30254
2023-06-11 20:00:00,26030.89,26206.88,25745.03,25925.55,5954.11996
2023-06-12 00:00:00,25925.54,26028.5,25602.11,25791.29,6665.93933
2023-06-12 04:00:00,25791.29,25905.63,25744.06,25802.98,3896.06919
2023-06-12 08:00:00,25802.97,26106.48,25780.0,25988.83,5833.76222
2023-06-12 12:00:00,25988.82,25993.6,25734.47,25824.63,5467.66761
2023-06-12 16:00:00,25824.63,25966.18,25652.04,25824.23,5214.5963
2023-06-12 20:00:00,25824.23,25970.05,25804.3,25905.19,2822.47428
2023-06-13 00:00:00,25905.2,26157.99,25818.07,26063.85,6646.9644
2023-06-13 04:00:00,26063.85,26133.03,25973.7,26073.92,3654.18194
2023-06-13 08:00:00,26073.91,26272.25,26060.77,26191.81,7274.19395
2023-06-13 12:00:00,26191.81,26433.21,25712.57,25759.54,15947.44516
2023-06-13 16:00:00,25759.54,25978.37,25739.38,25902.84,4582.14533
2023-06-13 20:00:00,25902.83,25959.26,25808.1,25934.25,2960.67775
2023-06-14 00:00:00,25934.24,26055.99,25911.6,25985.07,3250.7713
2023-06-14 04:00:00,25985.06,26005.36,25837.13,25897.72,3115.6103
2023-06-14 08:00:00,25897.71,26028.58,25885.35,25975.71,3129.69928
2023-06-14 12:00:00,25975.71,26085.33,25927.22,25986.75,4693.52887
2023-06-14 16:00:00,25986.74,26098.0,25753.38,25874.59,8531.61707
2023-06-14 20:00:00,25874.58,25879.69,24820.56,25128.6,22356.08926
2023-06-15 00:00:00,25128.6,25206.52,25030.01,25065.35,4255.38633
2023-06-15 04:00:00,25065.35,25072.35,24872.35,24983.8,7733.13657
2023-06-15 08:00:00,24983.81,25050.0,24800.0,25014.97,8784.77975
2023-06-15 12:00:00,25014.97,25108.54,24921.11,24959.95,8435.0323
2023-06-15 16:00:00,24959.96,25518.49,24929.0,25455.49,9617.56919
2023-06-15 20:00:00,25455.49,25759.01,25220.25,25598.49,9838.95649
2023-06-16 00:00:00,25598.49,25606.59,25440.39,25561.74,3915.20068
2023-06-16 04:00:00,25561.75,25629.73,25475.84,25537.01,4070.48779
2023-06-16 08:00:00,25537.0,25624.38,25462.03,25474.51,5108.24521
2023-06-16 12:00:00,25474.51,25896.78,25175.56,25840.01,12940.05194
2023-06-16 16:00:00,25840.0,26518.0,25774.02,26382.43,20866.29228
2023-06-16 20:00:00,26382.43,26464.58,26287.97,26345.0,4696.63872
2023-06-17 00:00:00,26345.01,26372.4,26181.0,26262.16,3497.08278
2023-06-17 04:00:00,26262.17,26839.99,26246.0,26593.57,9565.95016
2023-06-17 08:00:00,26593.58,26657.09,26473.5,26507.76,4665.11979
2023-06-17 12:00:00,26507.75,26585.48,26311.0,26410.82,5426.02563
2023-06-17 16:00:00,26410.82,26538.37,26378.95,26475.3,2713.13332
2023-06-17 20:00:00,26475.31,26595.13,26465.42,26516.99,1974.90782
2023-06-18 00:00:00,26516.99,26548.63,26378.98,26548.45,2397.66907
2023-06-18 04:00:00,26548.46,26680.0,26472.03,26584.98,4069.09898
2023-06-18 08:00:00,26584.99,26596.0,26456.83,26500.0,2525.69386
2023-06-18 12:00:00,26500.0,26573.35,26444.0,26562.09,3559.38335
2023-06-18 16:00:00,26562.09,26657.99,26525.99,26650.0,2834.3115
2023-06-18 20:00:00,26650.01,26700.0,26255.85,26339.97,6152.15346
2023-06-19 00:00:00,26339.98,26469.58,26256.61,26403.36,2818.66359
2023-06-19 04:00:00,26403.36,26478.87,26369.0,26428.01,2925.34742
2023-06-19 08:00:00,26428.0,26459.18,26364.4,26447.73,2824.90303
2023-06-19 12:00:00,26447.73,26576.87,26348.01,26444.0,5446.90953
2023-06-19 16:00:00,26443.99,27068.09,26308.45,26682.28,16596.08384
2023-06-19 20:00:00,26682.29,26859.36,26652.19,26844.35,5260.75233
2023-06-20 00:00:00,26844.35,27179.03,26798.68,26896.52,7510.40809
2023-06-20 04:00:00,26896.53,27033.24,26755.0,26832.44,5125.51154
2023-06-20 08:00:00,26832.45,26912.0,26702.47,26907.99,4550.36223
2023-06-20 12:00:00,26907.99,27134.73,26652.0,27071.93,8935.82439
2023-06-20 16:00:00,27071.94,28140.0,27001.73,27982.77,30469.11578
2023-06-20 20:00:00,27982.77,28402.74,27872.0,28307.99,13075.73322
2023-06-21 00:00:00,28308.0,29088.09,28257.99,28711.15,17152.45801
2023-06-21 04:00:00,28711.15,29005.0,28680.0,28872.28,11260.27734
2023-06-21 08:00:00,28872.28,29221.99,28787.7,28930.0,11143.04259
2023-06-21 12:00:00,28930.0,30000.0,28875.81,29851.58,27907.23239
2023-06-21 16:00:00,29851.58,30800.0,29763.37,30112.03,32165.45866
2023-06-21 20:00:00,30112.02,30195.77,29800.0,29993.89,9297.93513
2023-06-22 00:00:00,29993.89,30500.0,29891.15,30296.01,10104.59967
2023-06-22 04:00:00,30296.0,30350.0,30010.0,30100.75,7689.18523
2023-06-22 08:00:00,30100.75,30244.0,29840.09,29928.0,10681.90715
2023-06-22 12:00:00,29928.01,30351.14,29525.61,29850.65,16896.20667
2023-06-22 16:00:00,29850.65,30234.83,29821.5,30213.11,8943.57285
2023-06-22 20:00:00,30213.11,30256.76,29880.0,29884.92,4739.09303
2023-06-23 00:00:00,29884.92,30054.0,29800.0,30007.96,4581.18928
2023-06-23 04:00:00,30007.97,30082.25,29904.29,29931.99,4355.16293
2023-06-23 08:00:00,29932.0,30195.0,29906.71,30140.87,6057.11746
2023-06-23 12:00:00,30140.86,31400.0,29911.07,31238.0,26083.48619
2023-06-23 16:00:00,31238.01,31431.94,30615.33,30880.87,25886.97674
2023-06-23 20:00:00,30880.88,30950.0,30453.1,30688.5,6967.96375
2023-06-24 00:00:00,30688.51,30794.11,30410.0,30730.01,6049.00866
2023-06-24 04:00:00,30730.0,30788.0,30552.01,30567.58,3587.21749
2023-06-24 08:00:00,30567.58,30742.73,30552.78,30684.38,3478.09199
2023-06-24 12:00:00,30684.37,30800.0,30282.07,30398.71,7419.33976
2023-06-24 16:00:00,30398.72,30709.36,30250.0,30627.84,6143.31292
2023-06-24 20:00:00,30627.84,30627.85,30408.95,30527.43,3836.33053
2023-06-25 00:00:00,30527.44,30783.68,30465.41,30748.46,3538.22628
2023-06-25 04:00:00,30748.46,31046.01,30666.87,30723.78,8518.57452
2023-06-25 08:00:00,30723.78,30761.7,30584.51,30716.03,3922.90014
2023-06-25 12:00:00,30716.03,30739.8,30462.0,30585.16,5838.8806
2023-06-25 16:00:00,30585.16,30655.11,30328.0,30429.78,4871.42995
2023-06-25 20:00:00,30429.78,30571.89,30277.49,30462.66,3533.43652
2023-06-26 00:00:00,30462.67,30550.0,29963.6,30296.36,9207.88051
2023-06-26 04:00:00,30296.35,30580.0,30164.79,30404.29,6806.5466
2023-06-26 08:00:00,30404.28,30428.36,30130.0,30322.89,5433.69289
2023-06-26 12:00:00,30322.89,30666.0,30257.02,30419.62,9096.84715
2023-06-26 16:00:00,30419.63,30432.0,29930.0,30243.97,11221.92192
2023-06-26 20:00:00,30243.97,30290.0,30099.0,30267.99,3413.52582
2023-06-27 00:00:00,30267.99,30496.88,30226.17,30371.57,4890.13774
2023-06-27 04:00:00,30371.56,30470.8,30233.58,30411.22,4152.72217
2023-06-27 08:00:00,30411.23,30786.99,30336.0,30729.1,8932.93349
2023-06-27 12:00:00,30729.09,30994.97,30383.0,30498.74,13404.27576
2023-06-27 16:00:00,30498.74,30769.96,30455.5,30648.03,7509.05985
2023-06-27 20:00:00,30648.03,30736.24,30554.09,30692.44,3810.51256
2023-06-28 00:00:00,30692.44,30709.74,30336.36,30452.75,5422.85
2023-06-28 04:00:00,30452.74,30488.83,30155.75,30186.13,6169.86931
2023-06-28 08:00:00,30186.14,30388.0,30150.98,30310.73,4469.60145
2023-06-28 12:00:00,30310.73,30490.86,30009.0,30411.06,10958.22627
2023-06-28 16:00:00,30411.07,30466.36,29858.8,30100.0,9490.07497
2023-06-28 20:00:00,30099.99,30218.55,29948.82,30077.41,3952.89737
2023-06-29 00:00:00,30077.4,30245.9,30049.98,30176.0,2950.73551
2023-06-29 04:00:00,30176.0,30421.48,30141.05,30340.29,3650.28435
2023-06-29 08:00:00,30340.29,30750.0,30337.23,30670.94,9512.82089
2023-06-29 12:00:00,30670.95,30843.98,30400.0,30478.8,10056.97009
2023-06-29 16:00:00,30478.79,30663.37,30416.63,30584.99,5567.6853
2023-06-29 20:00:00,30584.99,30639.9,30250.0,30447.31,4592.13289
2023-06-30 00:00:00,30447.31,30883.68,30347.17,30745.05,7913.86236
2023-06-30 04:00:00,30745.06,31282.0,30610.01,30765.09,15308.46395
2023-06-30 08:00:00,30765.1,30963.2,30717.5,30910.01,6842.23429
2023-06-30 12:00:00,30910.01,31137.36,29500.0,30067.72,36336.678
2023-06-30 16:00:00,30067.72,30748.08,29925.5,30372.36,18843.02962
2023-06-30 20:00:00,30372.37,30544.44,30340.46,30472.0,4174.80796
2023-07-01 00:00:00,30471.99,30534.74,30375.85,30398.01,4008.04076
2023-07-01 04:00:00,30398.02,30472.69,30320.57,30459.88,3285.51834
2023-07-01 08:00:00,30459.87,30600.0,30420.77,30523.02,2775.7443
2023-07-01 12:00:00,30523.02,30661.6,30503.94,30572.58,3801.28671
2023-07-01 16:00:00,30572.59,30633.92,30543.99,30609.51,2240.4209
2023-07-01 20:00:00,30609.51,30612.68,30548.88,30585.9,1390.73974
2023-07-02 00:00:00,30585.9,30649.99,30463.16,30509.31,3211.40133
2023-07-02 04:00:00,30509.3,30553.17,30470.01,30513.01,2300.42674
2023-07-02 08:00:00,30513.01,30552.0,30484.0,30544.74,1915.72134
2023-07-02 12:00:00,30544.74,30628.0,30155.0,30498.01,5741.64801
2023-07-02 16:00:00,30498.0,30693.14,30366.65,30557.74,4005.03205
2023-07-02 20:00:00,30557.74,30791.0,30425.47,30617.03,6112.18072
2023-07-03 00:00:00,30617.02,30800.01,30587.77,30756.65,3617.65215
2023-07-03 04:00:00,30756.65,30795.8,30606.0,30667.19,4529.14702
2023-07-03 08:00:00,30667.19,30700.92,30583.01,30625.22,5651.3227
2023-07-03 12:00:00,30625.22,31170.0,30570.27,31068.64,11506.76313
2023-07-03 16:00:00,31068.64,31380.0,30800.8,31255.84,12496.68998
2023-07-03 20:00:00,31255.83,31299.16,30900.0,31156.2,5960.06813
2023-07-04 00:00:00,31156.2,31350.69,31096.48,31195.69,5915.60031
2023-07-04 04:00:00,31195.68,31212.26,30879.29,30911.41,6224.065
2023-07-04 08:00:00,30911.4,31080.0,30867.68,31067.99,4279.90524
2023-07-04 12:00:00,31067.99,31080.0,30886.0,30964.37,5117.54936
2023-07-04 16:00:00,30964.38,31130.0,30620.0,30696.84,8695.01225
2023-07-04 20:00:00,30696.84,30843.73,30668.5,30766.51,2973.98727
2023-07-05 00:00:00,30766.52,30878.07,30752.0,30868.71,2838.19206
2023-07-05 04:00:00,30868.71,30869.57,30762.0,30774.25,2778.41767
2023-07-05 08:00:00,30774.24,30810.34,30350.0,30404.3,9136.14566
2023-07-05 12:00:00,30404.31,30452.0,30200.0,30356.11,10424.67966
2023-07-05 16:00:00,30356.11,30591.57,30333.7,30431.95,4635.72484
2023-07-05 20:00:00,30431.95,30539.13,30383.83,30504.81,3402.51133
2023-07-06 00:00:00,30504.8,30560.51,30327.0,30490.85,2865.18104
2023-07-06 04:00:00,30490.85,30857.89,30438.26,30803.19,6076.76347
2023-07-06 08:00:00,30803.2,31500.0,30701.0,30846.55,20483.84413
2023-07-06 12:00:00,30846.55,30887.1,29888.0,30407.01,27112.31388
2023-07-06 16:00:00,30407.0,30464.13,30157.41,30309.88,7633.47953
2023-07-06 20:00:00,30309.88,30345.18,29850.45,29895.43,7148.04405
2023-07-07 00:00:00,29895.42,30165.64,29701.02,30135.4,8889.61673
2023-07-07 04:00:00,30135.41,30300.0,29930.53,30007.4,5605.28806
2023-07-07 08:00:00,30007.41,30199.0,29970.0,30118.7,4267.97548
2023-07-07 12:00:00,30118.7,30443.75,30041.05,30390.83,8978.21955
2023-07-07 16:00:00,30390.83,30449.0,30116.0,30246.2,4029.29082
2023-07-07 20:00:00,30246.21,30346.06,30214.16,30344.7,2300.14831
2023-07-08 00:00:00,30344.7,30386.81,30257.07,30274.83,2033.13323
2023-07-08 04:00:00,30274.82,30279.19,30145.21,30193.36,2329.32411
2023-07-08 08:00:00,30193.36,30313.98,30156.23,30201.71,2090.67845
2023-07-08 12:00:00,30201.72,30239.37,30152.19,30208.0,1628.14246
2023-07-08 16:00:00,30208.01,30318.25,30044.47,30112.0,2961.09304
2023-07-08 20:00:00,30112.0,30289.99,30054.06,30284.63,2052.21913
2023-07-09 00:00:00,30284.63,30402.98,30246.47,30287.99,2693.84185
2023-07-09 04:00:00,30287.99,30299.89,30233.33,30265.0,1865.45368
2023-07-09 08:00:00,30265.0,30310.0,30240.0,30266.69,1557.55664
2023-07-09 12:00:00,30266.7,30445.52,30190.0,30349.47,4204.63044
2023-07-09 16:00:00,30349.47,30349.74,30204.0,30242.42,1814.15215
2023-07-09 20:00:00,30242.43,30249.99,30061.12,30160.71,3252.8672
2023-07-10 00:00:00,30160.71,30240.0,29950.0,30156.17,5431.19593
2023-07-10 04:00:00,30156.17,30160.0,30050.29,30112.1,2853.31032
2023-07-10 08:00:00,30112.11,30245.9,30000.02,30240.0,4702.37808
2023-07-10 12:00:00,30240.0,30362.0,30143.21,30312.81,5908.11612
2023-07-10 16:00:00,30312.82,30840.0,30241.0,30837.4,7615.41653
2023-07-10 20:00:00,30837.4,31045.78,30190.0,30411.57,14752.45954
2023-07-11 00:00:00,30411.57,30600.0,30363.29,30476.0,4533.99483
2023-07-11 04:00:00,30475.99,30658.0,30430.88,30535.38,4563.71355
2023-07-11 08:00:00,30535.38,30567.32,30344.28,30404.31,4397.68536
2023-07-11 12:00:00,30404.31,30813.63,30300.0,30596.45,7750.28791
2023-07-11 16:00:00,30596.44,30693.87,30405.0,30581.99,4536.83905
2023-07-11 20:00:00,30582.0,30650.0,30501.56,30622.1,2694.31241
2023-07-12 00:00:00,30622.1,30671.38,30497.95,30588.32,3576.286
2023-07-12 04:00:00,30588.32,30849.01,30565.53,30740.0,4266.19442
2023-07-12 08:00:00,30740.0,30809.13,30656.0,30776.25,3490.22801
2023-07-12 12:00:00,30776.25,30983.25,30461.59,30524.63,15884.13856
2023-07-12 16:00:00,30524.63,30538.44,30210.0,30287.47,7668.51251
2023-07-12 20:00:00,30287.48,30419.99,30238.28,30380.0,3223.63719
2023-07-13 00:00:00,30380.0,30433.25,30274.0,30298.01,3210.23446
2023-07-13 04:00:00,30298.01,30426.91,30251.0,30366.02,3711.05195
2023-07-13 08:00:00,30366.01,30637.06,30345.05,30543.99,4724.52462
2023-07-13 12:00:00,30543.99,31170.0,30459.91,30917.48,15742.34992
2023-07-13 16:00:00,30917.48,31804.2,30718.27,31606.01,33413.97579
2023-07-13 20:00:00,31606.0,31691.46,31000.0,31454.23,9970.38162
2023-07-14 00:00:00,31454.23,31630.0,31333.0,31460.0,8667.09146
2023-07-14 04:00:00,31459.99,31469.0,31075.25,31098.74,5686.39884
2023-07-14 08:00:00,31098.75,31287.85,31083.95,31209.59,4545.37951
2023-07-14 12:00:00,31209.58,31360.11,31050.0,31240.48,5568.76486
2023-07-14 16:00:00,31240.49,31275.5,29900.0,30115.17,29179.61822
2023-07-14 20:00:00,30115.18,30319.03,29985.31,30312.01,7102.23135
2023-07-15 00:00:00,30312.0,30390.9,30200.0,30292.91,3765.02048
2023-07-15 04:00:00,30292.9,30366.83,30257.45,30338.0,2509.41585
2023-07-15 08:00:00,30338.0,30371.67,30263.25,30311.99,2699.92345
2023-07-15 12:00:00,30311.99,30365.04,30250.99,30303.41,2114.38171
2023-07-15 16:00:00,30303.4,30358.18,30256.89,30326.47,1864.0798
2023-07-15 20:00:00,30326.47,30326.47,30269.96,30289.52,1165.732
2023-07-16 00:00:00,30289.52,30335.0,30064.29,30188.0,4106.79294
2023-07-16 04:00:00,30188.0,30311.99,30134.59,30265.22,1941.43927
2023-07-16 08:00:00,30265.23,30350.0,30265.22,30306.01,2061.54158
2023-07-16 12:00:00,30306.01,30441.46,30273.08,30379.95,3061.26246
2023-07-16 16:00:00,30379.96,30403.13,30200.43,30252.93,2207.15898
2023-07-16 20:00:00,30252.94,30361.0,30122.95,30231.99,2381.93287
2023-07-17 00:00:00,30232.0,30336.96,30176.03,30312.66,2046.85414
2023-07-17 04:00:00,30312.66,30323.05,30232.06,30281.0,2300.08203
2023-07-17 08:00:00,30281.01,30328.0,29965.39,30161.7,6972.3241
2023-07-17 12:00:00,30161.7,30308.0,30032.0,30174.83,5199.39113
2023-07-17 16:00:00,30174.84,30241.03,29659.2,29884.39,10264.88813
2023-07-17 20:00:00,29884.4,30285.71,29881.41,30138.0,4099.22886
2023-07-18 00:00:00,30138.01,30239.78,30073.96,30073.96,2946.84335
2023-07-18 04:00:00,30073.97,30118.19,29921.54,29968.13,4074.27718
2023-07-18 08:00:00,29968.13,30111.68,29810.0,29884.01,5367.53981
2023-07-18 12:00:00,29884.0,30034.15,29675.0,29912.0,7997.98214
2023-07-18 16:00:00,29912.01,29964.99,29512.0,29715.99,7221.04629
2023-07-18 20:00:00,29715.98,29865.0,29690.65,29859.13,2396.17133
2023-07-19 00:00:00,29859.14,30076.71,29839.5,30059.11,3876.95657
2023-07-19 04:00:00,30059.1,30189.09,29966.48,30000.68,4281.65902
2023-07-19 08:00:00,30000.68,30046.0,29867.17,30012.63,3539.89276
2023-07-19 12:00:00,30012.62,30128.0,29761.96,29956.46,6395.6526
2023-07-19 16:00:00,29956.46,30100.0,29870.0,30044.31,4369.91637
2023-07-19 20:00:00,30044.31,30054.0,29830.36,29909.21,3193.28405
2023-07-20 00:00:00,29909.21,30047.95,29881.29,29948.01,2444.85301
2023-07-20 04:00:00,29948.0,30246.98,29926.88,30202.77,5123.20299
2023-07-20 08:00:00,30202.78,30417.46,30166.67,30284.9,7608.78698
2023-07-20 12:00:00,30284.9,30316.0,29627.04,29810.18,11993.35064
2023-07-20 16:00:00,29810.17,29872.71,29570.96,29756.0,6738.857
2023-07-20 20:00:00,29756.0,29888.0,29669.56,29800.0,3631.63131
2023-07-21 00:00:00,29800.0,29953.01,29726.34,29897.62,4221.94752
2023-07-21 04:00:00,29897.62,29904.0,29751.9,29766.81,3343.90966
2023-07-21 08:00:00,29766.81,29851.37,29729.76,29778.51,3237.11897
2023-07-21 12:00:00,29778.51,29913.94,29778.5,29866.0,4668.9474
2023-07-21 16:00:00,29866.0,30061.7,29770.0,29875.99,5597.68776
2023-07-21 20:00:00,29875.99,29955.0,29833.93,29901.72,2811.79734
2023-07-22 00:00:00,29901.72,29999.0,29896.0,29903.41,2730.91284
2023-07-22 04:00:00,29903.4,29990.0,29848.0,29944.77,2257.82522
2023-07-22 08:00:00,29944.78,29979.92,29864.48,29886.94,2527.3291
2023-07-22 12:00:00,29886.93,29907.35,29828.77,29900.24,1964.17495
2023-07-22 16:00:00,29900.23,29908.71,29801.66,29836.0,1801.40881
2023-07-22 20:00:00,29836.0,29839.75,29625.1,29794.0,3378.75375
2023-07-23 00:00:00,29793.99,29893.77,29730.0,29845.72,2210.12963
2023-07-23 04:00:00,29845.71,29980.88,29845.71,29916.0,2924.91327
2023-07-23 08:00:00,29916.0,29959.0,29884.0,29888.58,2006.54126
2023-07-23 12:00:00,29888.59,29931.51,29852.29,29897.64,1417.20165
2023-07-23 16:00:00,29897.64,30350.0,29897.63,30093.12,6979.01521
2023-07-23 20:00:00,30093.12,30143.5,29920.37,30083.75,2754.98535
2023-07-24 00:00:00,30083.75,30099.58,29669.83,29716.01,4955.72652
2023-07-24 04:00:00,29716.0,29870.0,29660.0,29828.0,3839.73703
2023-07-24 08:00:00,29828.0,29832.54,29000.0,29269.99,12633.36871
2023-07-24 12:00:00,29269.99,29270.0,28861.9,29093.78,11841.66927
2023-07-24 16:00:00,29093.78,29157.15,29000.0,29117.99,4363.62637
2023-07-24 20:00:00,29117.99,29210.0,29090.36,29176.5,1994.86901
2023-07-25 00:00:00,29176.5,29183.34,29047.65,29111.0,3185.67346
2023-07-25 04:00:00,29111.0,29165.3,29074.55,29142.46,2754.17235
2023-07-25 08:00:00,29142.46,29282.0,29120.0,29128.29,3420.58834
2023-07-25 12:00:00,29128.29,29340.57,29082.84,29181.51,6818.58052
2023-07-25 16:00:00,29181.5,29376.0,29181.5,29198.83,3475.16328
2023-07-25 20:00:00,29198.82,29255.99,29183.93,29228.91,1911.56985
2023-07-26 00:00:00,29228.91,29412.88,29096.94,29242.81,4301.44969
2023-07-26 04:00:00,29242.8,29320.84,29180.0,29216.61,3303.70822
2023-07-26 08:00:00,29216.61,29240.54,29160.33,29175.39,2818.48677
2023-07-26 12:00:00,29175.39,29354.0,29166.36,29324.0,5180.25464
2023-07-26 16:00:00,29324.01,29499.0,29195.0,29401.93,9364.62077
2023-07-26 20:00:00,29401.93,29690.0,29280.01,29351.96,8963.11357
2023-07-27 00:00:00,29351.95,29450.44,29302.01,29405.78,2433.06591
2023-07-27 04:00:00,29405.78,29499.41,29378.6,29412.17,3487.8236
2023-07-27 08:00:00,29412.18,29567.49,29396.0,29507.03,3279.97998
2023-07-27 12:00:00,29507.02,29507.03,29236.78,29292.01,5407.7351
2023-07-27 16:00:00,29292.0,29333.22,29083.85,29163.83,5538.09551
2023-07-27 20:00:00,29163.83,29238.0,29133.5,29222.78,2329.77616
2023-07-28 00:00:00,29222.78,29305.3,29188.15,29253.85,3009.31278
2023-07-28 04:00:00,29253.84,29266.0,29135.15,29140.8,3783.45723
2023-07-28 08:00:00,29140.79,29246.08,29123.12,29206.59,3823.62755
2023-07-28 12:00:00,29206.58,29542.22,29206.58,29387.99,7235.3303
2023-07-28 16:00:00,29387.99,29399.98,29194.05,29316.0,4641.51658
2023-07-28 20:00:00,29316.0,29364.46,29284.68,29314.14,1500.37183
2023-07-29 00:00:00,29314.14,29396.15,29296.0,29371.89,2528.35734
2023-07-29 04:00:00,29371.9,29406.92,29295.0,29295.01,2178.5164
2023-07-29 08:00:00,29295.0,29330.55,29256.18,29267.16,1989.92338
2023-07-29 12:00:00,29267.16,29335.25,29261.87,29292.34,1933.64564
2023-07-29 16:00:00,29292.34,29349.62,29290.6,29338.02,1140.45592
2023-07-29 20:00:00,29338.03,29380.92,29338.02,29352.9,1080.46976
2023-07-30 00:00:00,29352.9,29352.92,29306.03,29314.92,971.6578
2023-07-30 04:00:00,29314.93,29331.98,29268.65,29294.31,1373.60195
2023-07-30 08:00:00,29294.3,29326.47,29232.22,29314.0,2125.5252
2023-07-30 12:00:00,29314.0,29449.0,29278.38,29349.37,3896.8527
2023-07-30 16:00:00,29349.36,29405.66,29113.51,29202.28,3341.76402
2023-07-30 20:00:00,29202.28,29284.0,29033.24,29281.09,3997.57274
2023-07-31 00:00:00,29281.09,29530.0,29264.0,29421.99,4109.65797
2023-07-31 04:00:00,29422.0,29443.68,29360.66,29373.61,2975.90381
2023-07-31 08:00:00,29373.62,29420.06,29332.32,29405.99,3067.69901
2023-07-31 12:00:00,29405.99,29473.97,29225.97,29247.98,4845.7793
2023-07-31 16:00:00,29247.99,29274.99,29101.8,29157.48,4521.86978
2023-07-31 20:00:00,29157.49,29295.24,29115.64,29232.25,3084.57977
2023-08-01 00:00:00,29232.26,29347.16,28720.0,28835.0,8673.02328
2023-08-01 04:00:00,28835.01,28970.81,28803.5,28937.3,4964.8536
2023-08-01 08:00:00,28937.31,28995.59,28862.18,28862.19,3644.73244
2023-08-01 12:00:00,28862.19,28980.0,28585.7,28954.0,9581.32861
2023-08-01 16:00:00,28953.99,29335.0,28864.01,29274.41,8846.63298
2023-08-01 20:00:00,29274.42,29739.25,29180.0,29705.99,9009.08071
2023-08-02 00:00:00,29705.99,30047.5,29622.5,29632.96,12892.26158
2023-08-02 04:00:00,29632.96,29719.77,29564.0,29577.26,5196.11558
2023-08-02 08:00:00,29577.25,29577.26,29378.62,29562.49,6827.56627
2023-08-02 12:00:00,29562.49,29603.8,29169.04,29321.4,9531.2654
2023-08-02 16:00:00,29321.39,29364.0,28927.5,29151.56,11051.05572
2023-08-02 20:00:00,29151.57,29233.06,29066.35,29186.01,2683.38686
2023-08-03 00:00:00,29186.0,29275.8,29126.34,29182.14,3369.62096
2023-08-03 04:00:00,29182.13,29192.0,29013.04,29044.17,3838.38639
2023-08-03 08:00:00,29044.16,29197.78,28968.0,29146.01,3557.08908
2023-08-03 12:00:00,29146.01,29433.33,29078.43,29259.07,7234.91983
2023-08-03 16:00:00,29259.07,29368.86,29137.55,29281.32,5040.57791
2023-08-03 20:00:00,29281.32,29361.14,29165.46,29193.64,3436.32577
2023-08-04 00:00:00,29193.65,29251.68,29100.0,29161.29,2758.43275
2023-08-04 04:00:00,29161.28,29253.02,29134.7,29212.92,2786.72183
2023-08-04 08:00:00,29212.91,29263.52,29137.0,29167.51,3233.96545
2023-08-04 12:00:00,29167.51,29333.08,29130.0,29274.28,5261.81968
2023-08-04 16:00:00,29274.28,29286.7,28950.0,29032.06,5475.27303
2023-08-04 20:00:00,29032.05,29130.35,28807.54,29113.99,4035.73943
2023-08-05 00:00:00,29114.0,29152.23,29065.11,29094.53,2238.91853
2023-08-05 04:00:00,29094.52,29097.72,29035.0,29052.81,2237.92793
2023-08-05 08:00:00,29052.81,29090.39,29044.37,29048.0,2385.2365
2023-08-05 12:00:00,29048.01,29082.13,28978.64,29041.49,2527.96804
2023-08-05 16:00:00,29041.49,29099.0,29009.37,29067.35,1293.61863
2023-08-05 20:00:00,29067.36,29092.38,29052.5,29072.13,961.85055
2023-08-06 00:00:00,29072.13,29078.95,29036.0,29063.99,1730.38101
2023-08-06 04:00:00,29064.0,29107.48,29045.96,29092.68,2554.57467
2023-08-06 08:00:00,29092.68,29142.0,29047.82,29078.01,2173.81719
2023-08-06 12:00:00,29078.01,29078.01,28991.88,29012.93,2574.91787
2023-08-06 16:00:00,29012.92,29102.91,29000.52,29088.0,1393.09127
2023-08-06 20:00:00,29088.0,29205.09,29038.13,29088.42,2751.41519
2023-08-07 00:00:00,29088.43,29229.62,29018.25,29162.67,3469.1155
2023-08-07 04:00:00,29162.66,29197.82,29050.77,29094.09,3151.67245
2023-08-07 08:00:00,29094.09,29153.86,29045.14,29091.44,2870.95625
2023-08-07 12:00:00,29091.44,29150.0,28788.73,28858.44,8042.90902
2023-08-07 16:00:00,28858.45,29186.74,28701.03,29154.91,10217.00216
2023-08-07 20:00:00,29154.91,29276.78,29121.12,29211.06,3215.22208
2023-08-08 00:00:00,29211.06,29260.1,29146.45,29195.08,2613.81378
2023-08-08 04:00:00,29195.09,29331.24,29181.81,29187.62,3984.65386
2023-08-08 08:00:00,29187.62,29441.96,29171.47,29438.63,4673.9121
2023-08-08 12:00:00,29438.63,29674.7,29354.0,29535.39,12230.25712
2023-08-08 16:00:00,29535.38,29950.0,29535.38,29884.24,13510.46737
2023-08-08 20:00:00,29884.23,30244.0,29685.76,29770.42,8687.42969
2023-08-09 00:00:00,29770.41,29883.1,29613.0,29716.01,5699.9951
2023-08-09 04:00:00,29716.0,29821.29,29673.34,29818.0,4621.81004
2023-08-09 08:00:00,29818.01,29914.19,29740.01,29888.32,4765.65488
2023-08-09 12:00:00,29888.32,30160.0,29676.86,29761.7,11490.49149
2023-08-09 16:00:00,29761.7,29774.0,29396.95,29416.22,8420.25502
2023-08-09 20:00:00,29416.21,29626.0,29376.67,29581.99,3005.68072
2023-08-10 00:00:00,29581.99,29660.06,29566.66,29582.63,3086.43915
2023-08-10 04:00:00,29582.63,29616.98,29491.11,29512.0,3524.95587
2023-08-10 08:00:00,29511.99,29559.98,29476.0,29504.01,3463.97279
2023-08-10 12:00:00,29504.01,29738.0,29400.0,29466.0,8102.29021
2023-08-10 16:00:00,29465.99,29478.07,29320.2,29444.52,3677.42824
2023-08-10 20:00:00,29444.52,29488.29,29422.71,29455.75,1608.36747
2023-08-11 00:00:00,29455.76,29498.17,29352.47,29412.0,2899.21477
2023-08-11 04:00:00,29412.0,29490.0,29380.04,29417.28,3351.66422
2023-08-11 08:00:00,29417.28,29452.33,29350.0,29445.96,3809.67776
2023-08-11 12:00:00,29445.96,29564.52,29354.0,29395.89,5863.2428
2023-08-11 16:00:00,29395.9,29431.03,29252.45,29396.76,3515.35274
2023-08-11 20:00:00,29396.76,29444.73,29396.76,29426.03,1197.89201
2023-08-12 00:00:00,29426.02,29460.73,29381.56,29402.07,1581.2942
2023-08-12 04:00:00,29402.06,29426.68,29384.82,29421.49,1711.51601
2023-08-12 08:00:00,29421.48,29434.35,29390.57,29429.85,2189.80574
2023-08-12 12:00:00,29429.85,29458.1,29408.28,29438.81,1390.34294
2023-08-12 16:00:00,29438.81,29481.35,29411.58,29416.16,1263.44937
2023-08-12 20:00:00,29416.17,29433.16,29400.0,29430.17,835.07242
2023-08-13 00:00:00,29430.18,29455.21,29400.0,29418.56,1168.69051
2023-08-13 04:00:00,29418.56,29418.57,29363.0,29396.36,1836.11114
2023-08-13 08:00:00,29396.37,29416.53,29375.49,29383.38,1855.11829
2023-08-13 12:00:00,29383.39,29393.76,29362.0,29374.2,1507.97478
2023-08-13 16:00:00,29374.19,29474.65,29328.21,29442.91,2401.6459
2023-08-13 20:00:00,29442.91,29446.0,29272.32,29303.84,2332.16885
2023-08-14 00:00:00,29303.85,29429.95,29102.45,29399.91,9359.80818
2023-08-14 04:00:00,29399.91,29469.63,29392.6,29422.01,2986.60563
2023-08-14 08:00:00,29422.01,29495.76,29383.63,29409.99,3167.54657
2023-08-14 12:00:00,29410.0,29672.0,29332.61,29599.99,7136.81271
2023-08-14 16:00:00,29600.0,29695.32,29257.0,29360.54,6860.28114
2023-08-14 20:00:00,29360.54,29471.31,29338.12,29430.93,1932.06109
2023-08-15 00:00:00,29430.92,29454.23,29371.99,29402.01,2988.63804
2023-08-15 04:00:00,29402.0,29435.02,29351.33,29408.84,3759.31138
2023-08-15 08:00:00,29408.83,29457.44,29358.0,29366.0,4590.74949
2023-08-15 12:00:00,29365.99,29499.26,29315.0,29332.66,5517.77561
2023-08-15 16:00:00,29332.67,29369.23,29059.6,29181.73,7775.93801
2023-08-15 20:00:00,29181.73,29243.08,29135.81,29200.0,2871.46438
2023-08-16 00:00:00,29200.01,29259.85,29184.96,29228.51,3589.09589
2023-08-16 04:00:00,29228.51,29235.54,29111.0,29197.67,4292.06725
2023-08-16 08:00:00,29197.67,29216.46,29100.0,29164.67,4256.97828
2023-08-16 12:00:00,29164.67,29211.34,29047.09,29106.55,5632.45835
2023-08-16 16:00:00,29106.55,29235.0,28956.0,29111.7,6779.88052
2023-08-16 20:00:00,29111.69,29139.99,28723.08,28730.51,8446.21825
2023-08-17 00:00:00,28730.51,28783.48,28342.0,28657.31,10139.13995
2023-08-17 04:00:00,28657.3,28706.31,28601.87,28621.99,3829.77192
2023-08-17 08:00:00,28622.0,28635.3,28483.89,28545.11,5762.14855
2023-08-17 12:00:00,28545.1,28573.55,27888.0,27934.02,19119.98745
2023-08-17 16:00:00,27934.02,28089.78,27700.0,27894.01,14489.295
2023-08-17 20:00:00,27894.0,27920.23,25166.0,26623.41,46931.19746
2023-08-18 00:00:00,26623.41,26832.6,26321.18,26398.0,11747.28054
2023-08-18 04:00:00,26397.99,26610.0,26157.71,26429.99,13379.28911
2023-08-18 08:00:00,26430.0,26609.65,26381.6,26494.0,8403.77999
2023-08-18 12:00:00,26494.0,26500.0,25931.95,26002.0,14426.63632
2023-08-18 16:00:00,26001.99,26313.33,25619.0,26065.01,16489.27194
2023-08-18 20:00:00,26065.01,26243.8,26006.01,26054.0,5344.39921
2023-08-19 00:00:00,26054.0,26154.57,25924.0,25967.51,3998.46404
2023-08-19 04:00:00,25967.51,26009.18,25801.09,25917.99,4454.75935
2023-08-19 08:00:00,25918.0,25999.01,25884.0,25900.08,4023.9561
2023-08-19 12:00:00,25900.07,26226.04,25872.06,26216.01,6106.37301
2023-08-19 16:00:00,26216.01,26281.0,26026.96,26125.62,5104.24597
2023-08-19 20:00:00,26125.61,26156.0,26033.16,26100.01,2472.95496
2023-08-20 00:00:00,26100.01,26207.88,26046.4,26105.24,2661.66837
2023-08-20 04:00:00,26105.23,26160.16,26047.41,26088.44,2915.3072
2023-08-20 08:00:00,26088.44,26198.72,26058.98,26176.7,3036.61074
2023-08-20 12:00:00,26176.69,26217.52,25971.05,26106.83,4427.24407
2023-08-20 16:00:00,26106.83,26162.34,26002.51,26137.25,2456.00338
2023-08-20 20:00:00,26137.25,26299.0,26137.25,26189.99,3560.07833
2023-08-21 00:00:00,26190.0,26195.12,26070.0,26090.66,3015.05087
2023-08-21 04:00:00,26090.66,26189.04,26000.0,26023.34,4091.24604
2023-08-21 08:00:00,26023.33,26088.32,25880.2,26031.6,5803.825
2023-08-21 12:00:00,26031.61,26198.89,25812.0,25939.59,9288.78777
2023-08-21 16:00:00,25939.59,26164.0,25937.6,26097.74,4995.45618
2023-08-21 20:00:00,26097.73,26258.42,26082.25,26126.92,3072.87647
2023-08-22 00:00:00,26126.92,26139.42,26025.54,26055.99,2759.8298
2023-08-22 04:00:00,26056.0,26117.28,26000.0,26106.69,2705.6774
2023-08-22 08:00:00,26106.69,26112.44,26027.22,26049.64,2844.91271
2023-08-22 12:00:00,26049.63,26100.23,25914.03,25936.61,5083.53852
2023-08-22 16:00:00,25936.62,26054.73,25726.29,25779.99,10251.20292
2023-08-22 20:00:00,25780.0,26070.04,25300.0,26056.0,10601.90553
2023-08-23 00:00:00,26055.99,26187.99,25990.15,26006.32,4736.45838
2023-08-23 04:00:00,26006.32,26183.91,25976.72,26057.13,5066.45045
2023-08-23 08:00:00,26057.12,26096.0,25902.62,25939.49,3695.73713
2023-08-23 12:00:00,25939.49,26185.0,25812.82,26144.0,8219.23356
2023-08-23 16:00:00,26143.99,26819.27,26127.24,26632.0,15370.84219
2023-08-23 20:00:00,26632.01,26723.99,26222.43,26432.72,6934.97807
2023-08-24 00:00:00,26432.71,26547.89,26345.76,26442.01,4085.62274
2023-08-24 04:00:00,26442.01,26516.0,26384.0,26477.38,3595.17305
2023-08-24 08:00:00,26477.39,26577.87,26409.4,26444.02,3940.98697
2023-08-24 12:00:00,26444.02,26444.02,25990.72,25996.34,8755.58585
2023-08-24 16:00:00,25996.35,26163.0,25864.0,26039.44,6438.38839
2023-08-24 20:00:00,26039.44,26207.15,25936.01,26180.05,3389.46416
2023-08-25 00:00:00,26180.05,26187.34,26011.41,26106.0,2777.0727
2023-08-25 04:00:00,26106.0,26111.11,25974.22,25980.5,3435.96694
2023-08-25 08:00:00,25980.5,26128.75,25980.49,26096.4,2924.78322
2023-08-25 12:00:00,26096.41,26314.05,25777.15,25932.01,11380.01633
2023-08-25 16:00:00,25932.01,26066.62,25832.25,25972.36,4923.47202
2023-08-25 20:00:00,25972.37,26085.2,25957.4,26060.01,2312.02651
2023-08-26 00:00:00,26060.0,26125.77,26027.2,26087.15,1584.31997
2023-08-26 04:00:00,26087.16,26088.0,26048.0,26050.81,2188.92461
2023-08-26 08:00:00,26050.82,26060.0,26001.83,26045.87,1545.41373
2023-08-26 12:00:00,26045.86,26078.0,25985.92,26054.0,1689.85745
2023-08-26 16:00:00,26054.0,26060.0,26004.77,26034.21,1625.43664
2023-08-26 20:00:00,26034.22,26047.62,25988.2,26017.37,1388.27082
2023-08-27 00:00:00,26017.38,26030.55,25966.11,26021.96,1957.15103
2023-08-27 04:00:00,26021.96,26055.54,26021.96,26043.61,1536.05749
2023-08-27 08:00:00,26043.61,26095.6,26033.78,26060.44,2365.95212
2023-08-27 12:00:00,26060.44,26182.23,26052.8,26122.15,2577.47772
2023-08-27 16:00:00,26122.14,26179.0,26037.27,26125.49,2530.06704
2023-08-27 20:00:00,26125.48,26133.71,26040.17,26101.77,1132.93676
2023-08-28 00:00:00,26101.78,26105.0,25986.41,26012.98,3309.2282
2023-08-28 04:00:00,26012.98,26038.83,25872.05,25934.12,3765.35956
2023-08-28 08:00:00,25934.13,26004.0,25864.5,26000.99,3075.66108
2023-08-28 12:00:00,26000.99,26253.99,25991.44,26104.17,6287.02969
2023-08-28 16:00:00,26104.16,26191.79,25918.0,25996.26,3676.97567
2023-08-28 20:00:00,25996.27,26178.83,25946.18,26120.0,2578.37235
2023-08-29 00:00:00,26120.0,26206.24,26066.36,26083.19,2640.28117
2023-08-29 04:00:00,26083.18,26095.08,25990.58,26004.2,4150.9928
2023-08-29 08:00:00,26004.2,26046.0,25922.0,25975.55,3858.26938
2023-08-29 12:00:00,25975.54,27692.0,25964.79,27423.44,33126.0864
2023-08-29 16:00:00,27423.44,28142.85,27350.01,27831.33,23108.38949
2023-08-29 20:00:00,27831.33,27883.61,27532.79,27716.34,7367.97564
2023-08-30 00:00:00,27716.34,27768.57,27280.99,27391.13,7647.4885
2023-08-30 04:00:00,27391.14,27476.03,27371.94,27436.25,3198.93935
2023-08-30 08:00:00,27436.25,27499.0,27310.05,27338.51,4292.3234
2023-08-30 12:00:00,27338.52,27464.45,27017.24,27201.63,12439.12326
2023-08-30 16:00:00,27201.63,27286.88,27067.9,27178.28,5043.37898
2023-08-30 20:00:00,27178.27,27337.78,27178.27,27299.99,2827.00499
2023-08-31 00:00:00,27299.99,27303.36,27178.88,27217.27,2159.40313
2023-08-31 04:00:00,27217.28,27294.97,27215.0,27261.03,2206.16181
2023-08-31 08:00:00,27261.03,27587.51,27184.99,27303.96,6087.65912
2023-08-31 12:00:00,27303.95,27315.47,26803.73,26922.01,11366.93936
2023-08-31 16:00:00,26922.01,26924.87,25928.0,26162.79,20012.11138
2023-08-31 20:00:00,26162.79,26194.86,25655.01,25940.78,9200.52921
2023-09-01 00:00:00,25940.77,26100.0,25931.11,26081.01,3653.53305
2023-09-01 04:00:00,26081.0,26095.0,25978.0,25990.92,2839.42565
2023-09-01 08:00:00,25990.92,26072.34,25957.37,26047.49,3334.17072
2023-09-01 12:00:00,26047.5,26156.0,25566.53,25811.0,12389.595
2023-09-01 16:00:00,25811.0,25964.17,25333.75,25645.66,13943.51802
2023-09-01 20:00:00,25645.65,25937.42,25565.55,25805.05,4871.90812
2023-09-02 00:00:00,25805.04,25840.0,25752.47,25798.08,2127.00305
2023-09-02 04:00:00,25798.07,25853.03,25766.75,25795.47,2209.29066
2023-09-02 08:00:00,25795.46,25860.0,25774.81,25813.54,2779.60231
2023-09-02 12:00:00,25813.55,25987.5,25785.64,25894.76,4217.26208
2023-09-02 16:00:00,25894.77,25937.91,25763.2,25833.39,3407.85698
2023-09-02 20:00:00,25833.4,25907.09,25817.84,25869.51,1509.7619
2023-09-03 00:00:00,25869.52,25907.53,25826.29,25863.91,1838.85883
2023-09-03 04:00:00,25863.91,25956.24,25863.9,25956.22,2043.30026
2023-09-03 08:00:00,25956.23,25956.3,25877.3,25943.38,2252.14569
2023-09-03 12:00:00,25943.39,26085.01,25807.32,25873.5,3971.46407
2023-09-03 16:00:00,25873.5,26039.99,25800.0,26011.16,4105.96819
2023-09-03 20:00:00,26011.16,26135.0,25927.94,25971.21,3262.73963
2023-09-04 00:00:00,25971.21,26108.02,25877.66,25987.56,2742.29835
2023-09-04 04:00:00,25987.56,26018.12,25912.21,25964.96,2506.15902
2023-09-04 08:00:00,25964.97,26011.24,25865.57,25892.49,3211.69182
2023-09-04 12:00:00,25892.49,25966.8,25717.04,25814.23,5847.53927
2023-09-04 16:00:00,25814.24,25948.15,25810.0,25893.18,2750.22985
2023-09-04 20:00:00,25893.19,25920.0,25631.21,25826.02,4719.67778
2023-09-05 00:00:00,25826.03,25844.48,25562.62,25692.45,3386.10818
2023-09-05 04:00:00,25692.45,25756.72,25678.06,25735.56,2479.9426
2023-09-05 08:00:00,25735.57,25812.09,25654.0,25783.68,3542.48738
2023-09-05 12:00:00,25783.69,25915.49,25625.03,25759.37,6381.87118
2023-09-05 16:00:00,25759.38,25845.0,25683.93,25683.93,3526.88435
2023-09-05 20:00:00,25683.93,25802.73,25675.0,25792.1,2006.09968
2023-09-06 00:00:00,25792.11,25870.51,25773.12,25782.86,2108.7925
2023-09-06 04:00:00,25782.87,25792.25,25723.65,25728.93,2565.45965
2023-09-06 08:00:00,25728.93,25777.2,25715.16,25733.29,2008.48748
2023-09-06 12:00:00,25733.28,25778.0,25540.0,25588.02,5745.79519
2023-09-06 16:00:00,25588.01,26040.0,25372.51,25689.54,11670.04827
2023-09-06 20:00:00,25689.54,25786.51,25655.02,25759.95,3163.94077
2023-09-07 00:00:00,25759.95,25839.5,25724.78,25837.88,1892.99921
2023-09-07 04:00:00,25837.88,25850.0,25745.94,25762.89,1972.57261
2023-09-07 08:00:00,25762.89,25762.9,25691.07,25708.6,2016.54017
2023-09-07 12:00:00,25708.6,25834.52,25615.38,25779.35,4992.81316
2023-09-07 16:00:00,25779.35,25977.75,25773.52,25880.01,5075.15246
2023-09-07 20:00:00,25880.01,26443.14,25858.21,26255.0,11737.41806
2023-09-08 00:00:00,26255.0,26445.5,26198.91,26252.8,4810.99373
2023-09-08 04:00:00,26252.81,26385.0,26190.0,26256.22,3987.88762
2023-09-08 08:00:00,26256.21,26266.93,25647.26,25839.51,8537.78801
2023-09-08 12:00:00,25839.52,25955.0,25795.45,25844.64,4962.39556
2023-09-08 16:00:00,25844.64,25895.63,25719.8,25895.62,4267.45166
2023-09-08 20:00:00,25895.63,25934.36,25850.13,25910.5,2433.24813
2023-09-09 00:00:00,25910.5,25910.5,25850.82,25875.0,1941.95487
2023-09-09 04:00:00,25874.99,25894.21,25836.49,25886.15,1429.45386
2023-09-09 08:00:00,25886.14,25907.75,25849.05,25863.03,1850.2598
2023-09-09 12:00:00,25863.03,25928.66,25796.64,25894.09,2845.92701
2023-09-09 16:00:00,25894.1,25945.09,25845.7,25868.43,1669.62981
2023-09-09 20:00:00,25868.42,25919.5,25857.74,25901.61,1243.39742
2023-09-10 00:00:00,25901.6,25902.68,25825.8,25861.39,1632.63627
2023-09-10 04:00:00,25861.39,25873.96,25750.35,25852.25,2547.77243
2023-09-10 08:00:00,25852.25,25872.11,25795.33,25795.33,1981.33529
2023-09-10 12:00:00,25795.33,25834.82,25712.6,25775.01,2761.76743
2023-09-10 16:00:00,25775.02,25860.0,25570.57,25800.0,4870.21069
2023-09-10 20:00:00,25799.99,26033.66,25771.3,25841.61,4944.54703
2023-09-11 00:00:00,25841.6,25876.73,25652.78,25740.39,2981.1259
2023-09-11 04:00:00,25740.38,25900.69,25720.82,25813.65,2792.04715
2023-09-11 08:00:00,25813.65,25830.95,25577.3,25601.27,6042.88827
2023-09-11 12:00:00,25601.27,25755.09,24951.0,25115.97,18581.63736
2023-09-11 16:00:00,25115.98,25250.49,24990.38,25020.66,7066.27583
2023-09-11 20:00:00,25020.66,25217.0,24901.0,25162.52,4218.34549
2023-09-12 00:00:00,25162.53,25950.0,25131.48,25797.97,9471.3342
2023-09-12 04:00:00,25797.98,25990.0,25612.7,25822.71,10644.05116
2023-09-12 08:00:00,25822.71,26331.38,25735.29,26098.99,12127.23937
2023-09-12 12:00:00,26098.98,26392.0,26033.73,26205.97,9779.83697
2023-09-12 16:00:00,26205.98,26567.0,25882.43,26066.33,10617.06419
2023-09-12 20:00:00,26066.34,26159.11,25790.0,25840.1,3794.85948
2023-09-13 00:00:00,25840.1,25985.91,25764.17,25879.24,4479.57494
2023-09-13 04:00:00,25879.24,26109.94,25850.91,25879.91,4004.23224
2023-09-13 08:00:00,25879.91,26247.79,25866.17,26198.41,5303.36042
2023-09-13 12:00:00,26198.41,26387.76,26016.22,26241.31,8919.40709
2023-09-13 16:00:00,26241.31,26405.22,26055.0,26140.01,6947.90282
2023-09-13 20:00:00,26140.0,26305.46,26140.0,26222.0,1956.35002
2023-09-14 00:00:00,26222.0,26541.77,26126.77,26265.68,7110.56563
2023-09-14 04:00:00,26265.69,26390.1,26163.96,26344.45,3606.44973
2023-09-14 08:00:00,26344.44,26489.5,26270.0,26446.15,4402.22373
2023-09-14 12:00:00,26446.15,26798.5,26342.08,26693.97,14426.13224
2023-09-14 16:00:00,26693.97,26860.49,26546.6,26678.14,5794.82245
2023-09-14 20:00:00,26678.13,26723.64,26473.0,26522.73,2992.97872
2023-09-15 00:00:00,26522.73,26624.52,26448.19,26615.39,2958.71535
2023-09-15 04:00:00,26615.4,26655.84,26550.99,26565.69,2763.44322
2023-09-15 08:00:00,26565.69,26690.0,26375.01,26425.16,4924.84493
2023-09-15 12:00:00,26425.17,26526.99,26224.0,26321.21,6805.88938
2023-09-15 16:00:00,26321.2,26444.45,26315.02,26397.38,2849.35983
2023-09-15 20:00:00,26397.38,26888.0,26373.21,26600.0,5925.04098
2023-09-16 00:00:00,26599.99,26777.0,26571.42,26616.43,3344.48979
2023-09-16 04:00:00,26616.44,26621.36,26467.45,26494.5,2906.09112
2023-09-16 08:00:00,26494.5,26581.98,26445.0,26524.09,2406.5603
2023-09-16 12:00:00,26524.08,26576.38,26481.87,26507.12,2133.43562
2023-09-16 16:00:00,26507.12,26622.22,26496.14,26532.8,2049.68196
2023-09-16 20:00:00,26532.79,26579.99,26507.0,26559.67,1120.67472
2023-09-17 00:00:00,26559.67,26559.68,26416.16,26529.25,2710.33559
2023-09-17 04:00:00,26529.25,26570.0,26490.88,26495.93,1526.00497
2023-09-17 08:00:00,26495.94,26623.25,26493.13,26566.67,2353.14044
2023-09-17 12:00:00,26566.68,26600.0,26525.28,26549.98,2199.71373
2023-09-17 16:00:00,26549.98,26551.0,26464.64,26505.15,1859.40393
2023-09-17 20:00:00,26505.14,26534.09,26399.0,26527.51,2349.50411
2023-09-18 00:00:00,26527.5,26750.0,26377.35,26658.66,5170.61491
2023-09-18 04:00:00,26658.66,26800.0,26567.09,26710.67,2963.99415
2023-09-18 08:00:00,26710.67,27240.0,26684.02,27196.98,10966.96512
2023-09-18 12:00:00,27196.98,27409.0,27130.0,27269.42,10343.13705
2023-09-18 16:00:00,27269.43,27310.0,26631.0,26814.79,10706.60074
2023-09-18 20:00:00,26814.78,26881.45,26728.0,26762.51,2849.12059
2023-09-19 00:00:00,26762.5,26840.67,26667.79,26818.42,3113.83028
2023-09-19 04:00:00,26818.41,26874.73,26750.88,26847.21,2439.90451
2023-09-19 08:00:00,26847.21,27466.0,26847.21,27237.56,9626.79138
2023-09-19 12:00:00,27237.57,27480.0,26881.37,27422.24,11536.82998
2023-09-19 16:00:00,27422.24,27483.57,27069.9,27185.44,6638.06144
2023-09-19 20:00:00,27185.43,27222.81,26990.01,27210.26,2835.10428
2023-09-20 00:00:00,27210.25,27388.63,27085.0,27119.48,4518.58217
2023-09-20 04:00:00,27119.48,27159.91,26936.79,27105.62,4997.15729
2023-09-20 08:00:00,27105.61,27197.66,26950.0,27098.08,5250.00781
2023-09-20 12:00:00,27098.07,27237.87,26997.94,27180.63,6236.27587
2023-09-20 16:00:00,27180.62,27300.0,26800.0,26930.61,8978.6126
2023-09-20 20:00:00,26930.62,27241.31,26921.7,27125.0,4226.58293
2023-09-21 00:00:00,27125.01,27159.6,26936.66,27035.0,3714.08467
2023-09-21 04:00:00,27034.99,27103.17,26979.92,26990.11,2893.95429
2023-09-21 08:00:00,26990.11,27017.0,26618.9,26730.78,8251.18162
2023-09-21 12:00:00,26730.77,26776.98,26377.7,26584.02,13026.53324
2023-09-21 16:00:00,26584.01,26696.6,26545.82,26599.95,4279.24653
2023-09-21 20:00:00,26599.95,26621.57,26497.94,26568.08,2311.82627
2023-09-22 00:00:00,26568.08,26670.13,26468.77,26627.77,3453.40638
2023-09-22 04:00:00,26627.77,26705.46,26573.93,26674.8,2976.05949
2023-09-22 08:00:00,26674.8,26743.38,26590.0,26640.26,3120.40678
2023-09-22 12:00:00,26640.26,26698.29,26556.6,26631.01,3906.70541
2023-09-22 16:00:00,26631.01,26644.98,26531.01,26540.1,2659.9022
2023-09-22 20:00:00,26540.1,26597.96,26488.0,26580.14,2081.74894
2023-09-23 00:00:00,26580.14,26614.98,26524.59,26532.2,1739.54774
2023-09-23 04:00:00,26532.21,26586.75,26509.0,26585.31,1797.98817
2023-09-23 08:00:00,26585.32,26594.78,26554.49,26575.21,1236.67479
2023-09-23 12:00:00,26575.21,26588.5,26546.2,26581.55,2014.77977
2023-09-23 16:00:00,26581.55,26632.81,26559.83,26610.09,1599.62309
2023-09-23 20:00:00,26610.09,26612.61,26558.07,26575.96,1052.08904
2023-09-24 00:00:00,26575.97,26590.01,26558.85,26570.93,877.32467
2023-09-24 04:00:00,26570.93,26573.7,26549.31,26563.44,1568.51411
2023-09-24 08:00:00,26563.43,26611.8,26563.43,26596.71,1426.11493
2023-09-24 12:00:00,26596.71,26628.8,26563.8,26578.06,1682.81945
2023-09-24 16:00:00,26578.06,26738.54,26335.81,26449.17,6185.41964
2023-09-24 20:00:00,26449.18,26521.67,26122.08,26248.38,3966.46491
2023-09-25 00:00:00,26248.39,26343.1,26000.0,26157.45,6213.18391
2023-09-25 04:00:00,26157.44,26195.44,26040.12,26189.21,3167.49454
2023-09-25 08:00:00,26189.21,26233.43,26020.01,26075.41,3525.81677
2023-09-25 12:00:00,26075.4,26300.0,25990.46,26243.72,5448.76058
2023-09-25 16:00:00,26243.73,26425.63,26222.32,26331.83,5674.61846
2023-09-25 20:00:00,26331.84,26446.15,26263.83,26304.81,2236.32964
2023-09-26 00:00:00,26304.8,26397.46,26234.37,26353.87,2622.22978
2023-09-26 04:00:00,26353.87,26363.84,26253.64,26272.01,1936.44889
2023-09-26 08:00:00,26272.0,26334.75,26188.26,26273.83,3123.5531
2023-09-26 12:00:00,26273.82,26306.39,26088.34,26126.66,4953.27044
2023-09-26 16:00:00,26126.66,26295.99,26115.0,26247.7,3410.21082
2023-09-26 20:00:00,26247.7,26288.68,26100.0,26221.67,2449.63763
2023-09-27 00:00:00,26221.68,26289.5,26202.96,26278.04,1904.53237
2023-09-27 04:00:00,26278.03,26289.0,26231.74,26246.34,1738.93762
2023-09-27 08:00:00,26246.35,26848.07,26223.72,26766.7,10440.3616
2023-09-27 12:00:00,26766.69,26850.0,26169.38,26304.42,13541.28007
2023-09-27 16:00:00,26304.42,26313.79,26112.06,26267.8,4419.72965
2023-09-27 20:00:00,26267.81,26385.0,26226.91,26372.99,2726.73847
2023-09-28 00:00:00,26373.0,26557.75,26342.4,26379.15,4434.7586
2023-09-28 04:00:00,26379.15,26513.46,26347.17,26459.99,3685.9607
2023-09-28 08:00:00,26459.99,26623.84,26389.29,26476.93,4838.50281
2023-09-28 12:00:00,26476.93,27064.0,26460.0,27020.0,13494.26165
2023-09-28 16:00:00,27019.99,27308.48,26848.71,27100.0,14201.72571
2023-09-28 20:00:00,27100.0,27166.42,26895.0,27021.39,3862.62544
2023-09-29 00:00:00,27021.39,27134.16,26859.7,26957.99,4943.53529
2023-09-29 04:00:00,26958.0,27244.89,26895.94,27179.98,4950.61601
2023-09-29 08:00:00,27179.99,27179.99,26963.7,26970.78,3627.86592
2023-09-29 12:00:00,26970.78,27149.05,26665.16,26888.57,9460.87808
2023-09-29 16:00:00,26888.57,26954.09,26750.0,26926.52,3506.19154
2023-09-29 20:00:00,26926.53,26984.99,26866.13,26906.96,1989.67535
2023-09-30 00:00:00,26906.96,26946.98,26886.31,26915.3,1275.44354
2023-09-30 04:00:00,26915.3,26958.04,26911.51,26931.75,1683.47171
2023-09-30 08:00:00,26931.76,26997.0,26923.18,26936.02,2013.51121
2023-09-30 12:00:00,26936.02,27094.99,26903.01,26996.29,3558.71394
2023-09-30 16:00:00,26996.29,27043.61,26970.72,27020.7,2382.42914
2023-09-30 20:00:00,27020.7,27081.78,26946.73,26962.56,1891.05353
2023-10-01 00:00:00,26962.57,27048.0,26954.09,27044.76,1349.47617
2023-10-01 04:00:00,27044.77,27158.59,27020.9,27107.95,2655.15215
2023-10-01 08:00:00,27107.94,27289.08,27086.74,27187.71,3969.23722
2023-10-01 12:00:00,27187.71,27229.29,27083.24,27153.18,3029.81327
2023-10-01 16:00:00,27153.17,27155.0,27035.78,27103.02,2119.78834
2023-10-01 20:00:00,27103.02,28065.51,27033.1,27992.57,11479.34753
2023-10-02 00:00:00,27992.58,28210.0,27826.65,28126.54,8265.67461
2023-10-02 04:00:00,28126.54,28430.0,27910.95,28311.91,8806.14392
2023-10-02 08:00:00,28311.91,28484.28,28187.69,28198.04,9240.50392
2023-10-02 12:00:00,28198.05,28580.0,27983.0,28026.31,11992.24274
2023-10-02 16:00:00,28026.3,28123.39,27631.41,27964.99,9935.03954
2023-10-02 20:00:00,27965.0,27965.94,27281.44,27494.51,8831.53768
2023-10-03 00:00:00,27494.51,27640.0,27381.48,27601.55,5450.72832
2023-10-03 04:00:00,27601.54,27676.52,27521.43,27540.64,3052.3436
2023-10-03 08:00:00,27540.65,27642.83,27475.0,27559.99,3884.9952
2023-10-03 12:00:00,27560.0,27579.7,27234.55,27345.0,8008.49633
2023-10-03 16:00:00,27345.0,27486.2,27250.0,27275.0,4195.05272
2023-10-03 20:00:00,27275.0,27469.65,27160.5,27426.46,4337.34938
2023-10-04 00:00:00,27426.45,27510.29,27202.0,27430.43,6836.89213
2023-10-04 04:00:00,27430.43,27454.98,27350.75,27453.78,2257.47331
2023-10-04 08:00:00,27453.77,27643.09,27434.1,27572.43,4588.85168
2023-10-04 12:00:00,27572.43,27633.42,27329.85,27404.22,5939.67141
2023-10-04 16:00:00,27404.21,27839.72,27400.94,27618.1,6502.51104
2023-10-04 20:00:00,27618.1,27831.51,27564.71,27778.57,3690.74243
2023-10-05 00:00:00,27778.57,27896.07,27650.01,27651.73,3136.44638
2023-10-05 04:00:00,27651.73,27702.2,27550.77,27607.98,2665.09726
2023-10-05 08:00:00,27607.98,27774.55,27593.23,27725.68,2893.52044
2023-10-05 12:00:00,27725.68,28120.39,27403.59,27555.0,13145.99675
2023-10-05 16:00:00,27555.0,27617.57,27352.0,27471.28,6407.84463
2023-10-05 20:00:00,27471.28,27509.45,27388.0,27410.39,2432.59073
2023-10-06 00:00:00,27410.39,27590.0,27389.99,27559.2,3193.26664
2023-10-06 04:00:00,27559.2,27651.0,27464.48,27638.52,3024.13516
2023-10-06 08:00:00,27638.51,27801.0,27588.53,27760.0,5204.72994
2023-10-06 12:00:00,27760.0,28044.86,27175.94,27941.12,14574.01071
2023-10-06 16:00:00,27941.12,28038.0,27789.14,27952.36,7070.26306
2023-10-06 20:00:00,27952.35,28295.0,27877.6,27931.09,4916.83726
2023-10-07 00:00:00,27931.1,27955.9,27842.08,27900.41,2783.26342
2023-10-07 04:00:00,27900.41,27944.84,27875.0,27890.8,1744.73112
2023-10-07 08:00:00,27890.79,28029.67,27880.01,27942.12,2905.54923
2023-10-07 12:00:00,27942.12,27986.27,27895.28,27939.8,1884.78495
2023-10-07 16:00:00,27939.8,27964.2,27850.0,27865.48,2398.58265
2023-10-07 20:00:00,27865.49,27959.75,27856.66,27956.67,1631.92688
2023-10-08 00:00:00,27956.67,28095.14,27943.9,28064.87,3093.52502
2023-10-08 04:00:00,28064.87,28076.04,27878.06,27905.61,4667.47017
2023-10-08 08:00:00,27905.61,27937.5,27775.0,27811.63,3177.47074
2023-10-08 12:00:00,27811.63,27999.72,27687.5,27892.74,3957.49167
2023-10-08 16:00:00,27892.74,27948.68,27807.82,27894.99,2423.88211
2023-10-08 20:00:00,27894.99,27980.0,27800.0,27917.05,2373.7295
2023-10-09 00:00:00,27917.06,27987.93,27796.53,27921.73,2583.18056
2023-10-09 04:00:00,27921.72,27944.0,27808.4,27813.27,2493.15029
2023-10-09 08:00:00,27813.27,27842.03,27412.21,27468.92,9638.88315
2023-10-09 12:00:00,27468.91,27578.81,27374.73,27443.31,6434.2211
2023-10-09 16:00:00,27443.32,27750.03,27260.0,27616.66,8727.0625
2023-10-09 20:00:00,27616.66,27653.27,27556.2,27590.12,1658.24879
2023-10-10 00:00:00,27590.12,27697.56,27492.6,27632.32,2606.13865
2023-10-10 04:00:00,27632.32,27706.34,27579.87,27651.45,2137.06344
2023-10-10 08:00:00,27651.46,27735.0,27500.0,27508.87,3351.41272
2023-10-10 12:00:00,27508.86,27630.0,27338.87,27408.01,7509.23729
2023-10-10 16:00:00,27408.01,27511.96,27298.0,27397.3,5069.48339
2023-10-10 20:00:00,27397.31,27470.01,27322.69,27390.12,2103.50834
2023-10-11 00:00:00,27390.12,27477.39,27011.01,27016.05,6378.12491
2023-10-11 04:00:00,27016.04,27143.91,26964.89,27021.95,4779.75697
2023-10-11 08:00:00,27021.95,27332.0,27017.0,27196.26,4863.81154
2023-10-11 12:00:00,27196.26,27262.45,26727.56,26779.46,8800.53993
2023-10-11 16:00:00,26779.45,26795.63,26538.66,26763.2,9821.60446
2023-10-11 20:00:00,26763.19,26885.41,26680.0,26875.52,2705.60925
2023-10-12 00:00:00,26875.52,26947.04,26735.83,26847.07,4058.09199
2023-10-12 04:00:00,26847.07,26920.81,26783.14,26810.66,2775.84887
2023-10-12 08:00:00,26810.66,26867.14,26655.6,26837.84,5012.39582
2023-10-12 12:00:00,26837.84,26862.74,26621.76,26675.0,4568.56033
2023-10-12 16:00:00,26674.99,26804.99,26555.0,26712.9,4951.99519
2023-10-12 20:00:00,26712.91,26775.0,26706.44,26759.63,2061.74892
2023-10-13 00:00:00,26759.63,26876.06,26750.0,26781.69,2278.52858
2023-10-13 04:00:00,26781.69,26943.0,26773.84,26875.0,2673.92674
2023-10-13 08:00:00,26874.99,26903.94,26737.4,26820.92,3719.69143
2023-10-13 12:00:00,26820.91,26966.85,26685.96,26706.83,5169.59481
2023-10-13 16:00:00,26706.83,26807.1,26685.0,26778.57,3064.36424
2023-10-13 20:00:00,26778.57,27130.0,26747.24,26862.0,7209.65919
2023-10-14 00:00:00,26862.0,26989.58,26845.0,26930.78,2165.1795
2023-10-14 04:00:00,26930.77,26939.35,26841.76,26868.8,2702.47424
2023-10-14 08:00:00,26868.8,26900.0,26847.87,26872.35,1215.45022
2023-10-14 12:00:00,26872.35,26943.39,26850.44,26942.56,1523.17658
2023-10-14 16:00:00,26942.56,26953.18,26850.0,26864.29,1640.26284
2023-10-14 20:00:00,26864.29,26883.57,26789.0,26852.48,1170.71238
2023-10-15 00:00:00,26852.48,26916.77,26815.76,26880.46,1322.5614
2023-10-15 04:00:00,26880.46,26889.22,26871.86,26882.52,757.14626
2023-10-15 08:00:00,26882.51,26919.0,26843.79,26852.47,1287.85693
2023-10-15 12:00:00,26852.48,26965.28,26808.25,26898.87,2674.18648
2023-10-15 16:00:00,26898.87,27081.0,26893.41,27043.75,2777.70323
2023-10-15 20:00:00,27043.75,27293.33,27015.0,27154.15,6455.2374
2023-10-16 00:00:00,27154.14,27285.91,27112.66,27235.92,4516.03559
2023-10-16 04:00:00,27235.92,27980.0,27193.98,27849.06,14546.31979
2023-10-16 08:00:00,27849.05,27902.99,27641.72,27749.6,5907.32864
2023-10-16 12:00:00,27749.61,30000.0,27709.04,28064.16,36786.47368
2023-10-16 16:00:00,28064.16,28808.51,28064.16,28468.85,11103.90409
2023-10-16 20:00:00,28468.86,28643.0,28230.37,28500.78,5539.16266
2023-10-17 00:00:00,28500.77,28549.34,28231.01,28269.99,6029.14123
2023-10-17 04:00:00,28270.0,28475.82,28069.32,28430.63,7626.94163
2023-10-17 08:00:00,28430.62,28609.38,28350.11,28422.63,5901.16695
2023-10-17 12:00:00,28422.63,28580.34,28135.35,28461.72,9714.28566
2023-10-17 16:00:00,28461.72,28613.65,28306.42,28516.47,5911.15044
2023-10-17 20:00:00,28516.47,28556.56,28373.33,28395.91,3245.75941
2023-10-18 00:00:00,28395.91,28514.66,28320.29,28514.42,2906.41295
2023-10-18 04:00:00,28514.43,28982.36,28441.71,28494.55,9157.86875
2023-10-18 08:00:00,28494.55,28599.0,28236.41,28340.64,5054.62129
2023-10-18 12:00:00,28340.65,28405.29,28142.87,28247.45,6975.16584
2023-10-18 16:00:00,28247.46,28437.41,28230.2,28245.62,5434.84346
2023-10-18 20:00:00,28245.63,28374.27,28190.81,28320.0,2633.56362
2023-10-19 00:00:00,28320.0,28418.0,28100.66,28260.0,5118.8446
2023-10-19 04:00:00,28260.0,28349.39,28230.0,28330.82,3083.94309
2023-10-19 08:00:00,28330.82,28514.21,28280.96,28450.69,5223.26623
2023-10-19 12:00:00,28450.7,28814.14,28420.0,28680.09,10201.17617
2023-10-19 16:00:00,28680.09,28916.89,28457.56,28750.75,8031.46796
2023-10-19 20:00:00,28750.75,28882.07,28598.6,28713.71,4236.80374
2023-10-20 00:00:00,28713.71,29400.0,28578.29,29235.38,9163.6178
2023-10-20 04:00:00,29235.37,29400.0,29111.28,29240.51,9839.47459
2023-10-20 08:00:00,29240.52,30207.55,29227.75,29839.99,19249.91571
2023-10-20 12:00:00,29839.99,29910.0,29380.0,29550.98,12314.89184
2023-10-20 16:00:00,29550.98,29592.71,29321.0,29561.41,5075.99041
2023-10-20 20:00:00,29561.4,29790.59,29513.5,29669.04,3778.20885
2023-10-21 00:00:00,29669.05,29699.68,29464.77,29604.43,2997.17987
2023-10-21 04:00:00,29604.42,29730.88,29541.86,29695.8,2576.21292
2023-10-21 08:00:00,29695.8,29878.83,29634.56,29804.99,4484.08264
2023-10-21 12:00:00,29804.99,29980.0,29678.69,29937.36,5565.77149
2023-10-21 16:00:00,29937.37,30379.99,29846.0,30145.04,8767.01436
2023-10-21 20:00:00,30145.03,30158.2,29850.0,29909.8,3127.25769
2023-10-22 00:00:00,29909.8,30075.0,29843.2,29907.38,3204.67567
2023-10-22 04:00:00,29907.38,30248.0,29640.0,29816.26,7070.12608
2023-10-22 08:00:00,29816.27,29991.05,29780.11,29909.67,3326.38573
2023-10-22 12:00:00,29909.66,29974.46,29781.0,29825.6,3134.79556
2023-10-22 16:00:00,29825.61,29946.77,29805.13,29842.75,2320.10659
2023-10-22 20:00:00,29842.75,30051.79,29714.28,29992.46,3796.456
2023-10-23 00:00:00,29992.46,30799.0,29883.6,30736.69,12607.00915
2023-10-23 04:00:00,30736.68,30985.12,30426.82,30518.02,11075.97196
2023-10-23 08:00:00,30518.02,30784.54,30355.06,30657.04,7640.53796
2023-10-23 12:00:00,30657.04,30970.0,30395.01,30883.33,8833.86153
2023-10-23 16:00:00,30883.33,31440.06,30777.0,31354.42,19477.08264
2023-10-23 20:00:00,31354.42,34741.91,31318.88,33069.99,33879.17922
2023-10-24 00:00:00,33069.99,35280.0,32832.34,34061.6,34138.22019
2023-10-24 04:00:00,34061.59,34594.56,33706.32,33999.98,18126.45664
2023-10-24 08:00:00,33999.98,34876.4,33948.97,34542.91,16414.89876
2023-10-24 12:00:00,34542.9,34835.74,33200.0,33668.9,23998.26959
2023-10-24 16:00:00,33668.89,34386.12,33380.01,33796.5,13340.86259
2023-10-24 20:00:00,33796.5,34250.0,33485.1,33922.73,9246.31641
2023-10-25 00:00:00,33922.73,34399.82,33773.74,33999.39,7966.44126
2023-10-25 04:00:00,33999.39,34204.78,33679.05,33857.53,6800.4179
2023-10-25 08:00:00,33857.53,34446.42,33783.0,34199.2,7981.4462
2023-10-25 12:00:00,34199.2,35000.0,34199.19,34839.8,14860.99739
2023-10-25 16:00:00,34839.8,35132.85,34380.85,34738.54,10912.04662
2023-10-25 20:00:00,34738.54,34850.23,34250.0,34496.05,6365.67592
2023-10-26 00:00:00,34496.05,34824.13,34421.98,34793.29,4707.32825
2023-10-26 04:00:00,34793.29,34810.0,34410.02,34647.34,6314.66045
2023-10-26 08:00:00,34647.35,34745.86,33960.39,34102.66,9246.8653
2023-10-26 12:00:00,34102.66,34370.0,33862.0,34044.43,10140.67337
2023-10-26 16:00:00,34044.44,34123.6,33751.0,34044.02,6049.7206
2023-10-26 20:00:00,34044.02,34278.0,34023.74,34151.66,3285.41458
2023-10-27 00:00:00,34151.66,34171.28,33780.0,34117.08,4153.96403
2023-10-27 04:00:00,34117.09,34245.0,33921.84,33942.0,4632.17928
2023-10-27 08:00:00,33941.99,34177.0,33935.59,34047.01,4103.34074
2023-10-27 12:00:00,34047.0,34195.21,33820.48,33999.48,8705.71
2023-10-27 16:00:00,33999.48,34033.48,33390.95,33698.54,7648.42293
2023-10-27 20:00:00,33698.54,33941.11,33679.44,33892.02,3086.78408
2023-10-28 00:00:00,33892.01,34146.0,33860.0,34060.0,2335.65739
2023-10-28 04:00:00,34059.99,34185.0,34019.33,34044.99,2291.45877
2023-10-28 08:00:00,34045.0,34493.33,34031.26,34175.84,4892.05545
2023-10-28 12:00:00,34175.85,34239.7,33907.79,34192.98,3899.8391
2023-10-28 16:00:00,34192.97,34219.58,34077.0,34112.07,2130.66221
2023-10-28 20:00:00,34112.07,34190.0,34060.78,34081.0,1330.45852
2023-10-29 00:00:00,34081.01,34099.62,33952.0,33970.87,2004.83179
2023-10-29 04:00:00,33970.87,34136.28,33930.0,34076.61,1406.72939
2023-10-29 08:00:00,34076.6,34321.89,34074.44,34253.81,2878.54864
2023-10-29 12:00:00,34253.81,34559.22,34253.8,34449.99,5341.38473
2023-10-29 16:00:00,34449.99,34750.11,34372.0,34561.97,5585.25816
2023-10-29 20:00:00,34561.97,34720.0,34400.61,34525.89,3468.76905
2023-10-30 00:00:00,34525.88,34570.51,34181.47,34270.42,4239.81737
2023-10-30 04:00:00,34270.42,34348.55,34114.74,34193.46,3937.4944
2023-10-30 08:00:00,34193.46,34679.81,34161.1,34608.51,6064.00017
2023-10-30 12:00:00,34608.51,34856.0,34470.0,34656.32,8870.13568
2023-10-30 16:00:00,34656.33,34656.33,34062.84,34432.11,7331.80509
2023-10-30 20:00:00,34432.12,34569.68,34320.0,34474.73,3214.70705
2023-10-31 00:00:00,34474.74,34600.0,34202.33,34209.33,5051.31409
2023-10-31 04:00:00,34209.32,34352.25,34082.89,34145.21,5057.82579
2023-10-31 08:00:00,34145.22,34535.75,34025.0,34488.27,5689.4344
2023-10-31 12:00:00,34488.26,34514.0,34130.0,34272.19,6831.14765
2023-10-31 16:00:00,34272.19,34588.0,34223.26,34540.3,4824.38383
2023-10-31 20:00:00,34540.3,34720.49,34430.0,34639.77,5283.79246
2023-11-01 00:00:00,34639.78,34668.05,34400.0,34418.4,3748.08595
2023-11-01 04:00:00,34418.39,34498.57,34316.0,34451.28,3216.51258
2023-11-01 08:00:00,34451.28,34493.48,34345.0,34424.07,3350.79713
2023-11-01 12:00:00,34424.07,35200.0,34097.39,34291.94,18986.89718
2023-11-01 16:00:00,34291.94,34738.07,34280.02,34557.67,9620.10712
2023-11-01 20:00:00,34557.67,35582.0,34540.0,35421.43,14550.88169
2023-11-02 00:00:00,35421.43,35984.99,35362.0,35571.68,9449.66438
2023-11-02 04:00:00,35571.68,35600.0,35063.25,35279.85,6885.55379
2023-11-02 08:00:00,35279.86,35478.02,35095.0,35373.56,5508.48405
2023-11-02 12:00:00,35373.56,35457.96,34537.99,34640.01,12490.69697
2023-11-02 16:00:00,34640.01,35017.42,34300.0,35000.01,8717.23406
2023-11-02 20:00:00,35000.0,35097.19,34706.51,34941.59,4963.94407
2023-11-03 00:00:00,34941.58,34946.5,34366.7,34681.92,6231.00684
2023-11-03 04:00:00,34681.91,34696.4,34310.0,34464.97,5176.71251
2023-11-03 08:00:00,34464.98,34626.12,34120.0,34252.4,9096.58315
2023-11-03 12:00:00,34252.39,34848.79,34150.68,34763.71,8827.89146
2023-11-03 16:00:00,34763.71,34822.15,34323.37,34530.71,6448.30059
2023-11-03 20:00:00,34530.71,34740.0,34485.65,34716.78,3290.71189
2023-11-04 00:00:00,34716.78,34786.68,34632.47,34708.9,2289.85455
2023-11-04 04:00:00,34708.91,35000.0,34585.18,34767.99,4121.79956
2023-11-04 08:00:00,34767.99,34884.93,34680.13,34712.37,2852.30152
2023-11-04 12:00:00,34712.37,34803.97,34644.0,34709.91,2652.63136
2023-11-04 16:00:00,34709.91,34795.46,34692.52,34730.73,1532.96881
2023-11-04 20:00:00,34730.74,35255.0,34708.54,35062.07,4927.99965
2023-11-05 00:00:00,35062.06,35300.0,34935.0,35277.01,3702.56606
2023-11-05 04:00:00,35277.02,35305.75,35043.92,35162.46,3529.75253
2023-11-05 08:00:00,35162.46,35188.68,35000.2,35085.98,3592.01797
2023-11-05 12:00:00,35085.97,35172.2,34757.47,34882.92,4242.30621
2023-11-05 16:00:00,34882.92,35278.54,34867.14,34988.21,3621.09621
2023-11-05 20:00:00,34988.2,35380.0,34448.0,35011.88,5840.99478
2023-11-06 00:00:00,35011.89,35118.71,34830.0,34978.38,3649.8404
2023-11-06 04:00:00,34978.38,35024.99,34725.9,34904.72,3041.02859
2023-11-06 08:00:00,34904.72,35276.33,34827.01,35232.45,4297.55628
2023-11-06 12:00:00,35232.45,35250.0,34902.06,35080.95,5415.59252
2023-11-06 16:00:00,35080.95,35111.1,34810.64,35054.68,3397.16247
2023-11-06 20:00:00,35054.67,35150.0,34892.03,35046.09,2545.2906
2023-11-07 00:00:00,35046.09,35053.41,34790.64,34919.01,3383.15291
2023-11-07 04:00:00,34919.01,34971.77,34822.36,34937.71,2463.23402
2023-11-07 08:00:00,34937.71,34975.9,34551.0,34627.83,5977.50833
2023-11-07 12:00:00,34627.83,34840.88,34523.06,34721.23,5012.74142
2023-11-07 16:00:00,34721.23,35579.7,34560.0,35453.98,12011.04393
2023-11-07 20:00:00,35453.98,35888.0,35200.18,35399.12,9841.05631
2023-11-08 00:00:00,35399.13,35419.29,35231.08,35269.68,2888.44478
2023-11-08 04:00:00,35269.69,35361.7,35167.78,35226.4,2664.83548
2023-11-08 08:00:00,35226.39,35437.09,35185.95,35330.79,4576.58915
2023-11-08 12:00:00,35330.8,35469.29,35100.0,35225.68,4799.53965
2023-11-08 16:00:00,35225.67,35768.84,35185.0,35621.99,6363.85633
2023-11-08 20:00:00,35622.0,36106.0,35390.0,35624.72,12108.07598
2023-11-09 00:00:00,35624.72,36550.0,35534.05,36438.37,11800.31687
2023-11-09 04:00:00,36438.38,36863.91,36415.01,36533.04,9881.69266
2023-11-09 08:00:00,36533.05,36990.0,36530.0,36805.71,7641.34765
2023-11-09 12:00:00,36805.71,37972.24,36759.0,37084.02,25282.63532
2023-11-09 16:00:00,37084.03,37211.1,35600.0,36382.2,20436.92683
2023-11-09 20:00:00,36382.21,36784.57,36139.57,36701.09,7494.96952
2023-11-10 00:00:00,36701.1,36919.06,36446.2,36733.27,5576.15963
2023-11-10 04:00:00,36733.27,36807.69,36427.61,36439.98,6598.97934
2023-11-10 08:00:00,36439.98,37147.2,36324.71,37071.09,7391.3202
2023-11-10 12:00:00,37071.1,37260.19,36822.0,37082.14,9124.64217
2023-11-10 16:00:00,37082.13,37455.0,37080.0,37225.96,9459.37419
2023-11-10 20:00:00,37225.96,37526.0,37070.19,37301.63,5263.57345
2023-11-11 00:00:00,37301.63,37408.26,36900.1,37039.97,5167.05914
2023-11-11 04:00:00,37039.97,37134.85,36920.73,37006.4,3675.17773
2023-11-11 08:00:00,37006.4,37056.25,36910.0,36988.52,2618.7763
2023-11-11 12:00:00,36988.51,37274.3,36951.1,37050.77,4126.50062
2023-11-11 16:00:00,37050.78,37175.0,37030.2,37148.79,3185.90598
2023-11-11 20:00:00,37148.79,37155.0,36666.93,37130.0,4211.55258
2023-11-12 00:00:00,37129.99,37180.0,36731.1,36988.77,3440.45414
2023-11-12 04:00:00,36988.76,37171.1,36913.28,37127.95,2922.37844
2023-11-12 08:00:00,37127.95,37132.36,37026.69,37055.5,2825.04469
2023-11-12 12:00:00,37055.49,37222.22,36931.1,37152.11,3875.65107
2023-11-12 16:00:00,37152.1,37200.0,37051.95,37105.01,2221.61782
2023-11-12 20:00:00,37105.0,37202.09,36938.23,37064.13,2402.04258
2023-11-13 00:00:00,37064.13,37417.99,36852.11,36914.01,5822.70718
2023-11-13 04:00:00,36914.01,37044.88,36755.0,36960.29,3900.97629
2023-11-13 08:00:00,36960.28,37050.0,36692.58,36810.02,4369.7462
2023-11-13 12:00:00,36810.02,36945.89,36534.04,36841.91,7276.03185
2023-11-13 16:00:00,36841.9,37031.45,36601.0,36844.98,4846.32949
2023-11-13 20:00:00,36844.98,36875.0,36333.0,36462.93,6582.39151
2023-11-14 00:00:00,36462.93,36490.22,36190.17,36448.07,4651.02522
2023-11-14 04:00:00,36448.08,36714.11,36381.1,36683.86,2922.79831
2023-11-14 08:00:00,36683.86,36744.0,36236.36,36259.18,5833.01448
2023-11-14 12:00:00,36259.17,36693.01,35889.0,36147.09,10629.71435
2023-11-14 16:00:00,36147.09,36417.23,34800.0,35293.99,15656.19522
2023-11-14 20:00:00,35294.0,35673.14,35214.39,35551.19,5810.93658
2023-11-15 00:00:00,35551.2,35665.45,35360.0,35381.99,5203.09563
2023-11-15 04:00:00,35382.0,35661.04,35375.38,35576.88,3200.65003
2023-11-15 08:00:00,35576.88,36278.62,35576.88,36240.94,7279.36097
2023-11-15 12:00:00,36240.95,36416.51,36002.35,36402.42,7663.06886
2023-11-15 16:00:00,36402.43,37774.14,36254.0,37499.99,19742.8556
2023-11-15 20:00:00,37499.99,37980.0,37306.49,37858.2,10480.10276
2023-11-16 00:00:00,37858.2,37929.54,37337.57,37454.98,5899.68672
2023-11-16 04:00:00,37454.99,37621.1,37307.55,37437.25,3745.59295
2023-11-16 08:00:00,37437.25,37544.0,37121.09,37247.48,5941.88084
2023-11-16 12:00:00,37247.49,37319.99,36256.15,36406.0,12973.96687
2023-11-16 16:00:00,36406.0,36642.31,35500.0,35921.01,11093.12179
2023-11-16 20:00:00,35921.01,36273.32,35666.0,36163.51,7836.14649
2023-11-17 00:00:00,36163.51,36673.69,36101.44,36483.99,5583.82188
2023-11-17 04:00:00,36484.0,36521.44,36145.55,36239.76,5666.70131
2023-11-17 08:00:00,36239.76,36464.0,36121.0,36372.83,4890.8811
2023-11-17 12:00:00,36372.82,36620.0,35861.1,36044.8,8673.98523
2023-11-17 16:00:00,36044.79,36800.0,35909.17,36322.4,9576.6353
2023-11-17 20:00:00,36322.4,36723.59,36308.0,36613.92,3891.5863
2023-11-18 00:00:00,36613.91,36613.92,36360.22,36371.81,2299.53542
2023-11-18 04:00:00,36371.8,36428.0,36178.58,36417.16,2814.36769
2023-11-18 08:00:00,36417.15,36538.61,36375.28,36402.8,2149.96659
2023-11-18 12:00:00,36402.79,36682.2,36347.69,36664.16,3645.00442
2023-11-18 16:00:00,36664.17,36845.49,36600.1,36679.1,3784.84081
2023-11-18 20:00:00,36679.09,36707.16,36443.1,36568.1,2408.52693
2023-11-19 00:00:00,36568.11,36573.44,36388.27,36521.11,2116.93728
2023-11-19 04:00:00,36521.11,36669.0,36489.02,36611.5,2050.36405
2023-11-19 08:00:00,36611.49,36716.0,36384.02,36453.62,2580.92549
2023-11-19 12:00:00,36453.63,36570.0,36385.7,36568.27,2681.83136
2023-11-19 16:00:00,36568.27,36986.44,36511.11,36948.97,4671.72416
2023-11-19 20:00:00,36948.97,37500.0,36800.0,37359.86,7144.56414
2023-11-20 00:00:00,37359.85,37382.68,37038.3,37114.34,4380.59501
2023-11-20 04:00:00,37114.34,37257.08,37040.17,37244.47,2513.17118
2023-11-20 08:00:00,37244.47,37420.0,37061.1,37147.5,5201.70628
2023-11-20 12:00:00,37147.51,37493.2,36677.0,37461.61,8457.57894
2023-11-20 16:00:00,37461.62,37750.0,36812.13,37569.23,11506.10421
2023-11-20 20:00:00,37569.23,37605.76,37271.1,37448.78,3963.54729
2023-11-21 00:00:00,37448.79,37649.44,37304.72,37464.86,3770.22936
2023-11-21 04:00:00,37464.86,37480.17,37241.25,37279.91,2518.10147
2023-11-21 08:00:00,37279.91,37418.0,37150.0,37174.97,2879.73137
2023-11-21 12:00:00,37174.97,37229.97,36250.0,36975.04,15562.92218
2023-11-21 16:00:00,36975.03,37500.0,36580.0,36980.0,11546.8478
2023-11-21 20:00:00,36979.99,37170.0,35735.0,35741.65,11368.71586
2023-11-22 00:00:00,35741.65,36380.0,35632.01,36380.0,8021.60838
2023-11-22 04:00:00,36379.99,36558.87,36325.44,36439.81,4670.23906
2023-11-22 08:00:00,36439.8,36773.53,36391.03,36463.93,4677.7764
2023-11-22 12:00:00,36463.94,36650.0,36239.2,36481.14,6621.28988
2023-11-22 16:00:00,36481.15,37431.21,36372.58,37289.98,10097.37881
2023-11-22 20:00:00,37289.98,37861.1,37214.81,37408.34,10963.01444
2023-11-23 00:00:00,37408.35,37535.1,37240.0,37299.69,4156.03807
2023-11-23 04:00:00,37299.7,37411.59,37267.07,37369.21,2658.47303
2023-11-23 08:00:00,37369.22,37653.44,37159.95,37370.0,5573.62407
2023-11-23 12:00:00,37370.0,37530.0,36870.0,36951.34,5765.71549
2023-11-23 16:00:00,36951.34,37350.0,36917.0,37281.42,3452.87271
2023-11-23 20:00:00,37281.42,37385.0,37203.65,37294.28,2221.20545
2023-11-24 00:00:00,37294.27,37494.57,37251.51,37315.65,2460.68333
2023-11-24 04:00:00,37315.64,37567.99,37300.39,37522.99,2717.47733
2023-11-24 08:00:00,37522.99,38035.46,37423.9,37741.99,11102.76664
2023-11-24 12:00:00,37741.99,38414.0,37600.0,38221.11,13063.06947
2023-11-24 16:00:00,38221.1,38349.0,37550.32,37766.11,11475.45047
2023-11-24 20:00:00,37766.11,37943.6,37580.0,37713.57,3861.35922
2023-11-25 00:00:00,37713.57,37839.44,37676.03,37798.0,2373.98986
2023-11-25 04:00:00,37797.99,37826.99,37720.0,37802.4,1474.49322
2023-11-25 08:00:00,37802.4,37828.93,37591.1,37652.51,2311.89117
2023-11-25 12:00:00,37652.51,37734.99,37620.0,37704.38,1782.5378
2023-11-25 16:00:00,37704.38,37835.39,37699.99,37819.43,1622.06417
2023-11-25 20:00:00,37819.43,37888.0,37711.76,37780.67,1831.16842
2023-11-26 00:00:00,37780.67,37784.63,37662.18,37730.38,1377.5552
2023-11-26 04:00:00,37730.39,37793.67,37694.48,37789.78,1297.87233
2023-11-26 08:00:00,37789.77,37814.63,37666.8,37679.31,1757.13236
2023-11-26 12:00:00,37679.3,37679.31,37287.0,37437.11,7053.17203
2023-11-26 16:00:00,37437.11,37500.2,37150.0,37380.07,5225.6127
2023-11-26 20:00:00,37380.07,37748.0,37320.3,37447.43,4553.19261
2023-11-27 00:00:00,37447.42,37569.23,37200.0,37309.25,3126.25061
2023-11-27 04:00:00,37309.26,37419.56,37051.0,37283.19,3100.46613
2023-11-27 08:00:00,37283.2,37466.0,36900.0,37035.95,6528.86513
2023-11-27 12:00:00,37035.95,37100.0,36715.0,36751.02,8123.63363
2023-11-27 16:00:00,36751.01,37143.43,36707.0,36877.0,5701.39398
2023-11-27 20:00:00,36877.0,37284.0,36792.51,37242.7,3420.46428
2023-11-28 00:00:00,37242.7,37343.57,37102.47,37129.56,2560.73388
2023-11-28 04:00:00,37129.55,37152.31,36868.41,37105.11,3974.8824
2023-11-28 08:00:00,37105.11,37262.02,36931.1,37251.42,3375.56303
2023-11-28 12:00:00,37251.43,37568.28,37142.81,37513.19,5331.32867
2023-11-28 16:00:00,37513.2,38377.0,37513.19,38114.26,15744.36369
2023-11-28 20:00:00,38114.26,38284.66,37670.97,37818.87,6557.595
2023-11-29 00:00:00,37818.88,38093.72,37677.96,37940.49,4909.94962
2023-11-29 04:00:00,37940.49,38235.36,37871.1,38096.69,3802.01892
2023-11-29 08:00:00,38096.7,38450.0,37878.17,38104.65,8172.68572
2023-11-29 12:00:00,38104.65,38280.0,37570.0,37830.75,8504.6664
2023-11-29 16:00:00,37830.74,37932.77,37650.0,37874.2,4122.44625
2023-11-29 20:00:00,37874.19,37884.72,37580.85,37854.64,3482.42416
2023-11-30 00:00:00,37854.65,38051.84,37686.84,38051.84,3089.37694
2023-11-30 04:00:00,38051.84,38145.85,37767.11,37792.98,4973.86237
2023-11-30 08:00:00,37792.98,37905.26,37553.6,37885.15,4251.2581
2023-11-30 12:00:00,37885.15,37966.94,37500.0,37619.84,7175.66836
2023-11-30 16:00:00,37619.85,37807.37,37535.0,37749.34,3031.87293
2023-11-30 20:00:00,37749.34,37809.99,37604.0,37723.96,2218.25277
2023-12-01 00:00:00,37723.97,38082.42,37615.86,38043.05,4933.88554
2023-12-01 04:00:00,38043.04,38348.0,38022.67,38244.08,7011.86412
2023-12-01 08:00:00,38244.08,38833.0,38215.0,38580.17,11354.6813
2023-12-01 12:00:00,38580.17,38629.65,38219.0,38413.5,6597.90033
2023-12-01 16:00:00,38413.51,38999.0,38395.0,38762.4,9900.23568
2023-12-01 20:00:00,38762.4,38900.0,38645.0,38682.52,3617.09627
2023-12-02 00:00:00,38682.51,38795.05,38641.61,38782.27,2236.42755
2023-12-02 04:00:00,38782.27,38826.94,38702.47,38702.48,2038.73396
2023-12-02 08:00:00,38702.48,38789.52,38651.1,38740.16,2142.02023
2023-12-02 12:00:00,38740.17,38869.36,38708.64,38811.75,3232.54427
2023-12-02 16:00:00,38811.76,39705.0,38703.44,39420.0,10333.55099
2023-12-02 20:00:00,39419.99,39717.14,39286.54,39450.35,6713.64461
2023-12-03 00:00:00,39450.35,39555.53,39274.86,39381.11,3283.21647
2023-12-03 04:00:00,39381.12,39490.0,39315.39,39478.72,2130.05497
2023-12-03 08:00:00,39478.71,39544.0,39400.0,39479.7,2096.23661
2023-12-03 12:00:00,39479.69,39805.93,39381.34,39760.42,5648.4296
2023-12-03 16:00:00,39760.42,39841.1,39430.01,39565.99,4098.19535
2023-12-03 20:00:00,39565.99,40250.0,39552.98,39972.26,9454.52035
2023-12-04 00:00:00,39972.26,40884.98,39972.26,40709.77,11807.31888
2023-12-04 04:00:00,40709.77,41750.0,40700.0,41441.1,14673.24426
2023-12-04 08:00:00,41441.1,42154.83,41349.43,41596.01,19218.60165
2023-12-04 12:00:00,41596.01,41914.16,41144.87,41270.33,14452.61587
2023-12-04 16:00:00,41270.32,42049.97,41179.55,41987.28,8928.03794
2023-12-04 20:00:00,41987.29,42420.0,41717.64,41991.1,10192.51199
2023-12-05 00:00:00,41991.1,41991.1,41622.21,41829.99,5569.22291
2023-12-05 04:00:00,41829.98,41919.08,41414.0,41528.0,6502.11306
2023-12-05 08:00:00,41528.0,41758.77,41420.0,41726.09,5282.22923
2023-12-05 12:00:00,41726.09,42497.0,41694.0,42268.29,11103.57913
2023-12-05 16:00:00,42268.28,44100.0,42133.66,43814.36,25610.5034
2023-12-05 20:00:00,43814.37,44488.0,43395.99,44073.32,13423.09871
2023-12-06 00:00:00,44073.82,44146.08,43565.62,43736.06,8344.08213
2023-12-06 04:00:00,43736.06,43857.13,43444.0,43688.87,6907.08616
2023-12-06 08:00:00,43688.87,44297.21,43335.28,43839.21,12015.24809
2023-12-06 12:00:00,43839.22,44279.98,43721.73,43785.2,11241.1126
2023-12-06 16:00:00,43785.2,44146.71,43730.47,43984.71,7167.73459
2023-12-06 20:00:00,43984.71,44071.0,43600.78,43762.69,5755.84135
2023-12-07 00:00:00,43762.69,43999.84,43710.0,43926.84,2845.29665
2023-12-07 04:00:00,43926.85,44047.33,43838.19,43884.01,4086.82628
2023-12-07 08:00:00,43884.01,43896.48,42821.1,43188.03,14235.78276
2023-12-07 12:00:00,43188.03,43925.0,42955.0,43659.99,9633.99747
2023-12-07 16:00:00,43659.99,43755.26,43058.42,43203.58,10159.41241
2023-12-07 20:00:00,43203.57,43456.06,43079.98,43273.14,6141.95288
2023-12-08 00:00:00,43273.15,43524.99,43261.1,43366.01,4504.95753
2023-12-08 04:00:00,43366.0,43550.0,43117.38,43166.01,6833.16986
2023-12-08 08:00:00,43166.01,43729.73,43081.1,43653.82,6857.83835
2023-12-08 12:00:00,43653.82,44030.16,43453.02,43760.94,9677.14869
2023-12-08 16:00:00,43760.94,43970.0,43638.68,43945.11,5870.37306
2023-12-08 20:00:00,43945.12,44700.0,43945.11,44170.99,9156.88807
2023-12-09 00:00:00,44171.0,44281.23,44043.61,44139.38,3650.70918
2023-12-09 04:00:00,44139.38,44358.02,44093.82,44180.22,3600.84041
2023-12-09 08:00:00,44180.21,44191.58,43720.0,43817.35,5794.84719
2023-12-09 12:00:00,43817.35,44136.52,43741.52,44045.1,5032.72519
2023-12-09 16:00:00,44045.09,44082.19,43877.34,43924.39,2936.10136
2023-12-09 20:00:00,43924.4,44084.55,43584.51,43713.6,3910.74675
2023-12-10 00:00:00,43713.59,43864.04,43672.0,43845.32,2450.32524
2023-12-10 04:00:00,43845.32,44016.0,43824.31,43966.44,2178.97643
2023-12-10 08:00:00,43966.44,44049.0,43603.88,43738.02,3795.09728
2023-12-10 12:00:00,43738.03,43973.76,43731.84,43903.73,3286.21496
2023-12-10 16:00:00,43903.74,43931.13,43750.0,43797.1,2572.46554
2023-12-10 20:00:00,43797.1,44046.0,43563.0,43789.51,4673.53813
2023-12-11 00:00:00,43789.5,43804.5,40400.0,42309.58,18908.6688
2023-12-11 04:00:00,42309.57,42321.03,41620.0,42132.51,12083.46157
2023-12-11 08:00:00,42132.52,42481.1,41975.44,42344.01,7859.82672
2023-12-11 12:00:00,42344.01,42390.32,41655.18,41803.44,9756.07667
2023-12-11 16:00:00,41803.43,41857.08,40222.0,40779.99,20686.60455
2023-12-11 20:00:00,40779.99,41349.97,40554.0,41253.4,7369.25973
2023-12-12 00:00:00,41253.41,41938.8,41178.28,41735.29,6744.62632
2023-12-12 04:00:00,41735.29,42068.91,41376.19,41916.27,6751.42919
2023-12-12 08:00:00,41916.26,42104.12,41545.54,41584.57,5780.94254
2023-12-12 12:00:00,41584.58,42070.23,41161.1,41348.0,9008.4306
2023-12-12 16:00:00,41347.99,41457.35,40680.0,41137.99,9334.53079
2023-12-12 20:00:00,41137.99,41555.0,41042.08,41492.39,5102.73829
2023-12-13 00:00:00,41492.38,41506.0,40555.0,40829.36,7310.16225
2023-12-13 04:00:00,40829.35,41242.0,40628.64,41115.27,4861.68197
2023-12-13 08:00:00,41115.28,41280.0,40953.17,41004.69,4029.02932
2023-12-13 12:00:00,41004.69,41955.22,40984.0,41939.18,8389.8547
2023-12-13 16:00:00,41939.17,42886.0,41715.7,42734.01,10933.26953
2023-12-13 20:00:00,42734.01,43475.2,42571.57,42869.03,10341.99996
2023-12-14 00:00:00,42869.03,42948.55,42648.95,42713.86,5203.10028
2023-12-14 04:00:00,42713.86,43110.0,42682.78,42898.98,4264.22686
2023-12-14 08:00:00,42898.98,43311.1,42685.2,43267.06,5533.8289
2023-12-14 12:00:00,43267.07,43367.83,41400.0,42448.28,13819.31926
2023-12-14 16:00:00,42448.28,43420.0,42448.28,43094.13,8986.88383
2023-12-14 20:00:00,43094.13,43179.7,42851.48,43022.26,4239.69796
2023-12-15 00:00:00,43022.26,43080.81,42479.14,42795.94,4425.94195
2023-12-15 04:00:00,42795.94,42868.59,42515.94,42699.99,4209.02021
2023-12-15 08:00:00,42699.99,43026.33,42630.43,42776.03,4825.88804
2023-12-15 12:00:00,42776.04,42787.24,41666.0,41909.56,10127.5738
2023-12-15 16:00:00,41909.56,42192.48,41696.09,42096.08,5828.02612
2023-12-15 20:00:00,42096.08,42264.03,41896.92,41940.3,4005.34308
2023-12-16 00:00:00,41940.29,42410.99,41605.0,42333.79,4472.49888
2023-12-16 04:00:00,42333.79,42357.24,42141.82,42222.67,2598.70745
2023-12-16 08:00:00,42222.67,42339.55,42097.18,42331.99,3132.85327
2023-12-16 12:00:00,42332.0,42611.08,42243.0,42604.0,4555.98897
2023-12-16 16:00:00,42603.99,42724.43,42331.1,42351.73,6242.54279
2023-12-16 20:00:00,42351.74,42412.37,42118.45,42278.03,3116.26611
2023-12-17 00:00:00,42278.02,42298.82,41860.21,41925.55,3253.92773
2023-12-17 04:00:00,41925.55,42061.1,41771.62,41886.75,3545.91185
2023-12-17 08:00:00,41886.75,42016.83,41661.36,41960.07,3895.17552
2023-12-17 12:00:00,41960.07,42020.17,41510.0,41811.37,4860.00923
2023-12-17 16:00:00,41811.37,42424.07,41683.99,42105.91,7138.15215
2023-12-17 20:00:00,42105.91,42190.87,41252.0,41374.65,5028.93804
2023-12-18 00:00:00,41374.64,41470.1,40801.0,41090.92,8056.5341
2023-12-18 04:00:00,41090.92,41312.39,40999.0,41126.02,5008.69759
2023-12-18 08:00:00,41126.01,41270.27,40542.93,41105.12,10032.74176
2023-12-18 12:00:00,41105.12,41750.0,40888.0,41265.96,9380.24237
2023-12-18 16:00:00,41265.95,41735.5,41146.83,41701.1,4760.51462
2023-12-18 20:00:00,41701.11,42757.81,41576.52,42657.8,9495.36206
2023-12-19 00:00:00,42657.8,43497.0,42567.69,43082.2,9415.10546
2023-12-19 04:00:00,43082.21,43131.2,42815.27,43036.16,4686.08353
2023-12-19 08:00:00,43036.17,43268.74,42942.0,42976.11,6507.20412
2023-12-19 12:00:00,42976.1,43041.1,42232.0,42486.86,8326.36673
2023-12-19 16:00:00,42486.85,42646.66,41811.1,42341.96,8193.50655
2023-12-19 20:00:00,42341.96,42528.67,42121.12,42275.99,3799.59805
2023-12-20 00:00:00,42275.99,42493.2,42206.0,42419.75,3428.07755
2023-12-20 04:00:00,42419.75,43041.0,42376.15,42924.23,6003.2756
2023-12-20 08:00:00,42924.23,42998.08,42675.0,42864.44,4763.28129
2023-12-20 12:00:00,42864.43,44283.0,42757.32,44027.2,17908.79006
2023-12-20 16:00:00,44027.2,44250.0,43486.0,43738.01,9819.94341
2023-12-20 20:00:00,43738.01,43812.23,43230.17,43668.93,6786.92679
2023-12-21 00:00:00,43668.92,43731.08,43286.72,43649.37,4790.55223
2023-12-21 04:00:00,43649.36,43877.75,43451.44,43764.5,3938.84606
2023-12-21 08:00:00,43764.49,44100.0,43579.22,43931.6,6686.08927
2023-12-21 12:00:00,43931.6,44242.35,43380.0,43823.99,8691.42689
2023-12-21 16:00:00,43824.0,43927.7,43370.4,43588.8,6170.9554
2023-12-21 20:00:00,43588.79,44119.2,43554.01,43861.8,4346.42399
2023-12-22 00:00:00,43861.79,44251.0,43722.46,44008.0,5039.97364
2023-12-22 04:00:00,44008.0,44398.26,43534.47,43584.37,7209.42647
2023-12-22 08:00:00,43584.37,43839.22,43463.0,43753.94,5847.93033
2023-12-22 12:00:00,43753.95,43809.4,43412.54,43671.1,5724.75521
2023-12-22 16:00:00,43671.1,43992.0,43481.14,43640.79,5097.02561
2023-12-22 20:00:00,43640.79,44048.16,43617.44,43969.04,3864.08512
2023-12-23 00:00:00,43969.04,43988.68,43456.0,43526.43,4037.34134
2023-12-23 04:00:00,43526.43,43650.1,43291.1,43562.32,2798.28564
2023-12-23 08:00:00,43562.31,43669.88,43490.01,43547.78,2368.14341
2023-12-23 12:00:00,43547.78,43856.0,43547.77,43756.24,2820.01582
2023-12-23 16:00:00,43756.24,43850.0,43695.03,43703.81,2133.70247
2023-12-23 20:00:00,43703.82,43835.94,43632.77,43702.16,2399.64062
2023-12-24 00:00:00,43702.15,43907.57,43606.18,43834.48,2902.02733
2023-12-24 04:00:00,43834.48,43946.0,43401.0,43651.17,4698.01101
2023-12-24 08:00:00,43651.17,43694.72,43405.0,43634.2,3167.95205
2023-12-24 12:00:00,43634.19,43864.08,43560.74,43680.23,3405.69652
2023-12-24 16:00:00,43680.23,43713.86,43550.0,43618.07,2583.11278
2023-12-24 20:00:00,43618.08,43618.08,42500.0,42991.5,8387.53527
2023-12-25 00:00:00,42991.5,43158.59,42720.43,43152.78,3868.54726
2023-12-25 04:00:00,43152.78,43335.13,43101.53,43208.15,2830.7695
2023-12-25 08:00:00,43208.15,43291.05,43045.43,43171.11,3716.03265
2023-12-25 12:00:00,43171.11,43802.32,43080.01,43618.0,7057.73658
2023-12-25 16:00:00,43618.01,43710.01,43343.83,43474.25,5196.06699
2023-12-25 20:00:00,43474.25,43720.96,43328.14,43576.13,4352.08694
2023-12-26 00:00:00,43576.12,43592.68,43362.23,43451.46,3221.59168
2023-12-26 04:00:00,43451.45,43474.26,42545.0,42774.12,9020.48128
2023-12-26 08:00:00,42774.12,42798.0,42150.0,42685.55,8870.72819
2023-12-26 12:00:00,42685.56,42827.68,42250.0,42391.5,5600.42168
2023-12-26 16:00:00,42391.51,42434.2,41637.6,42109.11,10403.73943
2023-12-26 20:00:00,42109.11,42591.89,42055.0,42508.93,3893.08056
2023-12-27 00:00:00,42508.93,42541.1,42098.69,42234.66,3610.05423
2023-12-27 04:00:00,42234.65,42542.0,42200.0,42455.83,3330.54138
2023-12-27 08:00:00,42455.82,43220.0,42399.72,43019.11,7678.46442
2023-12-27 12:00:00,43019.11,43150.0,42706.0,42980.65,8156.72899
2023-12-27 16:00:00,42980.64,43215.0,42862.56,43154.34,5972.52558
2023-12-27 20:00:00,43154.34,43677.0,43121.45,43428.85,7442.89676
2023-12-28 00:00:00,43428.86,43787.57,43304.27,43408.41,6082.45863
2023-12-28 04:00:00,43408.4,43624.74,42794.11,43049.17,6215.79694
2023-12-28 08:00:00,43049.17,43192.17,42868.36,43059.98,4444.14335
2023-12-28 12:00:00,43059.98,43125.03,42401.01,42445.99,8560.56823
2023-12-28 16:00:00,42445.99,42725.3,42241.79,42610.64,5662.59381
2023-12-28 20:00:00,42610.64,42745.97,42334.99,42563.76,4184.96389
2023-12-29 00:00:00,42563.76,42800.0,42088.92,42697.42,7125.40815
2023-12-29 04:00:00,42697.42,42766.68,42222.0,42273.34,5131.05672
2023-12-29 08:00:00,42273.35,42934.0,42268.26,42862.01,5291.84387
2023-12-29 12:00:00,42862.0,43111.0,42106.64,42271.09,7861.37483
2023-12-29 16:00:00,42271.09,42351.1,41650.0,42116.51,10317.88826
2023-12-29 20:00:00,42116.51,42240.0,41300.0,42066.95,6869.61729
2023-12-30 00:00:00,42066.94,42209.22,41820.0,41972.81,3202.20282
2023-12-30 04:00:00,41972.81,42160.0,41930.43,41947.16,2351.82225
2023-12-30 08:00:00,41947.16,41988.62,41520.3,41893.96,4706.52607
2023-12-30 12:00:00,41893.96,42430.0,41882.71,42374.96,4551.60091
2023-12-30 16:00:00,42374.97,42612.32,42247.44,42361.13,5264.43841
2023-12-30 20:00:00,42361.13,42399.25,42079.97,42140.28,2829.98772
2023-12-31 00:00:00,42140.29,42433.49,41965.84,42176.0,3144.53455
2023-12-31 04:00:00,42175.99,42693.0,42156.09,42537.1,3915.10728
2023-12-31 08:00:00,42537.1,42899.0,42369.15,42518.36,4626.12098
2023-12-31 12:00:00,42518.36,42646.27,42352.76,42457.17,3403.65176
2023-12-31 16:00:00,42457.17,42719.8,42436.47,42619.04,3036.19166
2023-12-31 20:00:00,42619.04,42680.36,42056.0,42283.58,5460.3098
2024-01-01 00:00:00,42283.58,42775.0,42230.08,42330.49,3948.08335
2024-01-01 04:00:00,42330.5,42500.0,42180.77,42492.46,2706.9988
2024-01-01 08:00:00,42492.46,42762.39,42452.58,42690.2,2948.80274
2024-01-01 12:00:00,42690.21,42847.07,42580.0,42783.05,2936.44406
2024-01-01 16:00:00,42783.05,43550.0,42664.42,43517.99,5686.97164
2024-01-01 20:00:00,43517.98,44184.1,43361.6,44179.55,8946.99844
2024-01-02 00:00:00,44179.55,45500.0,44148.34,45402.38,17093.28659
2024-01-02 04:00:00,45402.38,45643.75,45121.96,45455.53,8388.42302
2024-01-02 08:00:00,45455.52,45879.63,45200.0,45433.99,10027.39458
2024-01-02 12:00:00,45433.99,45800.0,44833.33,45184.82,13236.12915
2024-01-02 16:00:00,45184.83,45399.84,44790.96,45039.49,9745.60445
2024-01-02 20:00:00,45039.49,45297.26,44600.0,44946.91,6655.56882
2024-01-03 00:00:00,44946.91,45410.91,44862.11,45262.69,4750.68596
2024-01-03 04:00:00,45262.7,45384.84,44940.93,45011.77,4691.11517
2024-01-03 08:00:00,45011.77,45500.0,43500.0,43702.88,13237.52778
2024-01-03 12:00:00,43702.89,43716.0,40750.0,43000.01,35484.1521
2024-01-03 16:00:00,43000.01,43567.92,42000.0,42596.67,16895.34192
2024-01-03 20:00:00,42596.66,42966.27,42518.7,42845.23,6135.7288
2024-01-04 00:00:00,42845.23,43220.56,42613.77,43102.8,5488.13855
2024-01-04 04:00:00,43102.79,43273.08,42756.97,42763.08,5443.39629
2024-01-04 08:00:00,42763.08,43233.81,42616.28,43176.32,6746.40949
2024-01-04 12:00:00,43176.33,44329.99,43097.06,44051.1,11599.01023
2024-01-04 16:00:00,44051.1,44437.5,43777.86,43956.48,9399.52176
2024-01-04 20:00:00,43956.48,44729.58,43890.9,44151.1,9361.58702
2024-01-05 00:00:00,44151.1,44284.0,42450.0,43465.21,11721.50264
2024-01-05 04:00:00,43465.21,43926.0,43187.89,43777.47,4949.61031
2024-01-05 08:00:00,43777.48,44324.8,43433.0,43771.34,7055.63723
2024-01-05 12:00:00,43771.34,44110.07,43100.0,43500.01,10044.2804
2024-01-05 16:00:00,43500.01,43808.07,43100.46,43600.0,7460.07613
2024-01-05 20:00:00,43600.0,44357.46,43580.51,44145.11,6844.14656
2024-01-06 00:00:00,44145.12,44214.42,43812.5,43931.1,3123.46193
2024-01-06 04:00:00,43931.1,43971.1,43397.05,43653.2,4242.79756
2024-01-06 08:00:00,43653.2,43771.1,43551.28,43671.96,2449.54997
2024-01-06 12:00:00,43671.97,43920.08,43527.27,43867.17,2610.13838
2024-01-06 16:00:00,43867.17,44148.58,43828.5,43906.36,2971.24432
2024-01-06 20:00:00,43906.35,43980.0,43611.19,43968.32,2437.86928
2024-01-07 00:00:00,43968.32,44259.29,43833.4,43940.41,3397.43777
2024-01-07 04:00:00,43940.41,44100.0,43843.52,44080.0,2347.11787
2024-01-07 08:00:00,44080.0,44167.81,43880.65,44061.1,3023.73501
2024-01-07 12:00:00,44061.1,44480.59,43945.15,44047.57,5972.98911
2024-01-07 16:00:00,44047.57,44262.53,43700.0,44244.77,3590.89146
2024-01-07 20:00:00,44244.77,44269.92,43572.09,43929.02,4691.67958
2024-01-08 00:00:00,43929.01,43986.0,43175.0,43518.2,7371.99098
2024-01-08 04:00:00,43518.2,44341.8,43430.79,43974.55,7157.43221
2024-01-08 08:00:00,43974.55,44688.0,43641.73,44635.99,6636.26767
2024-01-08 12:00:00,44636.0,45333.0,44350.0,44963.04,17212.53878
2024-01-08 16:00:00,44963.04,47248.99,44793.97,46979.35,24462.97732
2024-01-08 20:00:00,46979.36,47207.16,46653.84,46951.04,9973.36893
2024-01-09 00:00:00,46951.04,47150.0,46230.0,46926.96,10102.12931
2024-01-09 04:00:00,46926.96,46940.0,46599.43,46825.51,4707.40981
2024-01-09 08:00:00,46825.52,46874.94,46381.1,46615.99,6018.83491
2024-01-09 12:00:00,46616.0,47051.21,45450.0,46868.09,15811.82358
2024-01-09 16:00:00,46868.08,46975.0,46500.0,46876.01,7310.48299
2024-01-09 20:00:00,46876.0,47972.0,44748.67,46110.0,25976.98557
2024-01-10 00:00:00,46110.0,46249.14,45622.0,46117.1,6964.52629
2024-01-10 04:00:00,46117.1,46186.0,45734.56,45757.98,4441.30134
2024-01-10 08:00:00,45757.98,45861.1,45000.0,45515.89,8371.11286
2024-01-10 12:00:00,45515.88,45662.01,44300.36,45546.4,17519.34998
2024-01-10 16:00:00,45546.39,46666.0,45173.97,46489.18,17808.51212
2024-01-10 20:00:00,46489.19,47695.93,44800.0,46653.99,34806.60944
2024-01-11 00:00:00,46654.0,46750.0,46200.0,46502.16,7964.915
2024-01-11 04:00:00,46502.17,46507.08,45618.1,46101.4,7551.87335
2024-01-11 08:00:00,46101.4,47150.0,46052.0,47060.0,8538.48554
2024-01-11 12:00:00,47059.99,48969.48,46463.19,46783.78,36318.80534
2024-01-11 16:00:00,46783.77,47022.07,45606.06,46692.3,19172.2659
2024-01-11 20:00:00,46692.29,46975.0,46084.69,46339.16,7923.98447
2024-01-12 00:00:00,46339.16,46515.53,45898.0,45994.0,5377.44001
2024-01-12 04:00:00,45994.01,46366.0,45742.49,46008.19,5766.26871
2024-01-12 08:00:00,46008.19,46267.0,45537.37,45954.35,7038.70566
2024-01-12 12:00:00,45954.35,46109.0,44333.44,44462.01,19196.21655
2024-01-12 16:00:00,44462.0,44675.88,43212.0,43472.55,26388.04032
2024-01-12 20:00:00,43472.56,43981.1,41500.0,42782.73,22561.26582
2024-01-13 00:00:00,42782.74,42997.29,42436.12,42609.94,9945.53429
2024-01-13 04:00:00,42609.94,43254.03,42555.84,43102.97,6237.82222
2024-01-13 08:00:00,43102.97,43254.96,42509.11,42624.0,6962.30044
2024-01-13 12:00:00,42624.01,43257.0,42505.0,43154.48,6063.35625
2024-01-13 16:00:00,43154.48,43185.0,42724.39,42786.25,4181.84325
2024-01-13 20:00:00,42786.25,43040.01,42699.52,42847.99,2727.61819
2024-01-14 00:00:00,42847.99,42890.23,42643.98,42681.82,2769.17313
2024-01-14 04:00:00,42681.82,43060.0,42562.56,43011.44,3036.75324
2024-01-14 08:00:00,43011.44,43079.0,42759.34,42829.99,2885.27669
2024-01-14 12:00:00,42829.99,43005.25,42710.0,42904.38,3635.86614
2024-01-14 16:00:00,42904.39,43010.84,42632.59,42660.0,4024.3682
2024-01-14 20:00:00,42660.0,42745.98,41720.0,41732.35,11876.97154
2024-01-15 00:00:00,41732.35,42640.0,41718.05,42565.99,5828.29771
2024-01-15 04:00:00,42565.99,42824.68,42499.01,42714.78,4383.51739
2024-01-15 08:00:00,42714.78,42775.0,42540.0,42697.99,3812.52325
2024-01-15 12:00:00,42698.0,42958.03,42163.32,42278.99,8595.73488
2024-01-15 16:00:00,42278.99,43400.43,42249.0,42992.67,12331.30651
2024-01-15 20:00:00,42992.67,43114.45,42342.18,42511.1,5318.51329
2024-01-16 00:00:00,42511.1,42939.5,42466.88,42924.56,4025.27939
2024-01-16 04:00:00,42924.57,42946.05,42606.92,42791.13,3648.24949
2024-01-16 08:00:00,42791.14,43153.66,42720.06,42900.54,4849.24572
2024-01-16 12:00:00,42900.55,43314.73,42050.0,43252.67,17967.98589
2024-01-16 16:00:00,43252.45,43434.0,42834.29,43166.11,7723.95687
2024-01-16 20:00:00,43166.1,43578.01,43060.69,43137.95,6831.02853
2024-01-17 00:00:00,43137.94,43198.0,42844.98,42849.0,3711.95254
2024-01-17 04:00:00,42849.0,42925.49,42619.6,42655.94,3612.2361
2024-01-17 08:00:00,42655.95,42850.55,42564.0,42680.16,4412.74724
2024-01-17 12:00:00,42680.16,42926.02,42365.58,42482.79,9542.90182
2024-01-17 16:00:00,42482.8,42745.99,42200.69,42611.11,6233.49263
2024-01-17 20:00:00,42611.1,42876.48,42450.0,42776.1,5752.88355
2024-01-18 00:00:00,42776.09,42784.4,42502.19,42592.05,2777.25237
2024-01-18 04:00:00,42592.04,42922.0,42589.0,42915.33,3393.11338
2024-01-18 08:00:00,42915.32,42930.0,42387.68,42544.59,4867.13625
2024-01-18 12:00:00,42544.6,42810.0,42353.8,42619.32,5286.53164
2024-01-18 16:00:00,42619.31,42619.32,40831.99,41022.32,17408.6553
2024-01-18 20:00:00,41022.33,41366.99,40683.28,41327.5,10174.82747
2024-01-19 00:00:00,41327.51,41370.99,40752.26,41055.87,5747.52107
2024-01-19 04:00:00,41055.88,41576.0,41038.81,41284.25,5252.30425
2024-01-19 08:00:00,41284.26,41509.69,41143.33,41475.37,4432.7711
2024-01-19 12:00:00,41475.37,41488.2,40718.0,40894.71,9260.88788
2024-01-19 16:00:00,40894.71,41979.0,40280.0,41814.27,16100.60089
2024-01-19 20:00:00,41814.27,42196.86,41517.6,41659.03,7548.6604
2024-01-20 00:00:00,41659.03,41700.0,41456.3,41634.65,2986.2123
2024-01-20 04:00:00,41634.64,41774.0,41564.81,41650.95,2111.60902
2024-01-20 08:00:00,41650.95,41668.66,41459.02,41580.83,3106.35262
2024-01-20 12:00:00,41580.82,41700.0,41478.0,41570.11,2908.6422
2024-01-20 16:00:00,41570.1,41684.94,41526.36,41632.96,2143.21383
2024-01-20 20:00:00,41632.97,41872.56,41610.54,41696.04,2667.96496
2024-01-21 00:00:00,41696.05,41730.0,41629.87,41680.82,1600.89363
2024-01-21 04:00:00,41680.83,41691.11,41564.29,41648.51,1198.63686
2024-01-21 08:00:00,41648.5,41826.97,41648.5,41719.89,1972.92769
2024-01-21 12:00:00,41719.9,41881.39,41605.0,41656.28,2810.15162
2024-01-21 16:00:00,41656.27,41729.77,41525.0,41719.4,2101.04396
2024-01-21 20:00:00,41719.39,41811.1,41500.98,41580.33,2046.50925
2024-01-22 00:00:00,41580.32,41689.65,41058.22,41197.04,5194.67726
2024-01-22 04:00:00,41197.04,41321.17,40684.0,41043.7,6720.50069
2024-01-22 08:00:00,41043.7,41047.51,40364.63,40815.99,8780.2842
2024-01-22 12:00:00,40815.92,41244.06,40350.0,40771.99,9333.27767
2024-01-22 16:00:00,40772.0,40874.99,39431.58,39820.31,15416.76046
2024-01-22 20:00:00,39820.31,40343.18,39480.0,39568.02,9980.69883
2024-01-23 00:00:00,39568.02,40118.87,39511.1,40000.44,4446.81496
2024-01-23 04:00:00,40000.43,40176.74,39665.02,39780.0,3852.36638
2024-01-23 08:00:00,39780.01,39860.0,38657.0,38845.56,16327.77748
2024-01-23 12:00:00,38845.56,39460.0,38555.0,39204.0,14222.94133
2024-01-23 16:00:00,39204.0,39654.34,38925.2,39148.07,11699.79651
2024-01-23 20:00:00,39148.07,39907.23,39032.02,39897.6,7406.93685
2024-01-24 00:00:00,39897.59,40250.0,39570.43,39614.0,7508.24416
2024-01-24 04:00:00,39614.0,40191.97,39557.01,39981.09,6508.9298
2024-01-24 08:00:00,39981.09,40555.0,39859.51,40209.34,6433.12337
2024-01-24 12:00:00,40209.34,40298.86,39766.0,40050.71,8120.72045
2024-01-24 16:00:00,40050.72,40207.0,39615.76,39803.05,5715.16915
2024-01-24 20:00:00,39803.04,40175.11,39484.19,40084.88,5007.64168
2024-01-25 00:00:00,40084.89,40178.84,39914.0,40012.01,3484.6591
2024-01-25 04:00:00,40012.01,40135.37,39792.01,40130.0,3648.17041
2024-01-25 08:00:00,40130.0,40300.24,39957.44,40178.07,4623.83661
2024-01-25 12:00:00,40178.07,40283.82,39623.4,39804.24,8152.9813
2024-01-25 16:00:00,39804.23,40044.91,39550.0,39989.25,7402.16761
2024-01-25 20:00:00,39989.25,39995.99,39637.99,39961.09,3710.3035
2024-01-26 00:00:00,39961.09,40245.0,39822.52,40067.52,3180.57719
2024-01-26 04:00:00,40067.52,40220.0,39896.84,39969.99,3394.99518
2024-01-26 08:00:00,39970.0,41348.13,39962.14,41289.52,11523.32786
2024-01-26 12:00:00,41289.52,41588.0,40914.5,41422.99,12152.14087
2024-01-26 16:00:00,41422.98,42193.8,41405.31,42064.49,11360.11294
2024-01-26 20:00:00,42064.48,42246.82,41800.02,41823.51,5773.81322
2024-01-27 00:00:00,41823.51,41933.17,41708.0,41815.01,2776.36693
2024-01-27 04:00:00,41815.01,41890.0,41602.01,41710.14,2385.06661
2024-01-27 08:00:00,41710.15,41800.0,41394.34,41761.23,3747.33899
2024-01-27 12:00:00,41761.22,41894.87,41714.0,41814.0,2106.62255
2024-01-27 16:00:00,41813.99,41986.06,41745.26,41910.47,2256.20513
2024-01-27 20:00:00,41910.48,42200.0,41910.47,42120.63,2952.81646
2024-01-28 00:00:00,42120.63,42244.0,41925.0,42231.83,3931.90769
2024-01-28 04:00:00,42231.84,42842.68,42228.64,42388.82,7853.89698
2024-01-28 08:00:00,42388.82,42698.0,42323.14,42471.98,4448.08445
2024-01-28 12:00:00,42471.98,42544.0,42155.55,42258.01,3978.57176
2024-01-28 16:00:00,42258.0,42354.7,41721.08,41785.92,3819.55464
2024-01-28 20:00:00,41785.91,42073.81,41620.81,42031.06,3262.98286
2024-01-29 00:00:00,42031.05,42504.0,41874.94,42331.2,3437.68599
2024-01-29 04:00:00,42331.19,42345.36,41988.88,42053.46,2735.85224
2024-01-29 08:00:00,42053.45,42381.1,41961.1,42246.95,3204.92588
2024-01-29 12:00:00,42246.95,42647.27,41804.88,42641.75,6763.08424
2024-01-29 16:00:00,42641.75,43313.8,42518.0,42995.99,11314.8288
2024-01-29 20:00:00,42995.99,43333.0,42982.66,43302.7,4086.36492
2024-01-30 00:00:00,43302.71,43787.35,43133.9,43519.71,6762.21682
2024-01-30 04:00:00,43519.71,43570.09,43259.26,43358.25,3352.66111
2024-01-30 08:00:00,43358.24,43564.85,43215.76,43537.74,4124.1533
2024-01-30 12:00:00,43537.75,43882.36,43114.13,43375.5,9820.25546
2024-01-30 16:00:00,43375.5,43599.0,43224.0,43547.98,5834.15697
2024-01-30 20:00:00,43547.99,43760.0,42683.99,42941.1,7725.8018
2024-01-31 00:00:00,42941.1,43107.77,42655.07,42930.07,4913.47979
2024-01-31 04:00:00,42930.06,43087.93,42871.1,43050.01,2839.50568
2024-01-31 08:00:00,43050.01,43091.1,42355.0,42647.98,6116.23013
2024-01-31 12:00:00,42647.98,43465.02,42521.31,43361.1,8138.75525
2024-01-31 16:00:00,43361.11,43745.11,43041.1,43334.64,8260.76136
2024-01-31 20:00:00,43334.63,43361.1,42276.84,42580.0,9602.40467
2024-02-01 00:00:00,42580.0,42687.63,41884.28,42015.65,6159.26638
2024-02-01 04:00:00,42015.65,42300.0,41889.95,42190.16,4812.74817
2024-02-01 08:00:00,42190.15,42331.1,42026.52,42087.52,4002.75251
2024-02-01 12:00:00,42087.52,42946.6,41944.89,42516.12,7858.34198
2024-02-01 16:00:00,42516.12,43285.13,42364.0,43218.94,8083.56904
2024-02-01 20:00:00,43218.94,43279.91,42872.91,43082.94,4314.36856
2024-02-02 00:00:00,43082.95,43432.63,43026.15,43037.25,4246.33741
2024-02-02 04:00:00,43037.25,43271.1,42943.71,43086.89,4064.36047
2024-02-02 08:00:00,43086.9,43199.0,42941.1,43148.41,4094.76501
2024-02-02 12:00:00,43148.42,43250.0,42546.79,43242.09,8493.53585
2024-02-02 16:00:00,43242.1,43488.0,42783.09,43061.97,6362.66369
2024-02-02 20:00:00,43061.98,43238.01,42900.48,43200.0,2410.48175
2024-02-03 00:00:00,43199.99,43380.01,43142.0,43173.94,2223.22292
2024-02-03 04:00:00,43173.95,43222.75,43040.0,43053.05,1346.11611
2024-02-03 08:00:00,43053.05,43125.28,42973.66,42995.04,1810.42438
2024-02-03 12:00:00,42995.04,43190.0,42880.0,43119.06,2505.96267
2024-02-03 16:00:00,43119.06,43270.0,43016.28,43061.09,2671.62087
2024-02-03 20:00:00,43061.09,43104.68,42953.33,43011.09,1476.06303
2024-02-04 00:00:00,43011.1,43068.79,42880.01,43027.16,1456.91888
2024-02-04 04:00:00,43027.16,43029.17,42720.07,42845.03,2208.36902
2024-02-04 08:00:00,42845.03,43119.04,42741.6,43060.1,2577.95374
2024-02-04 12:00:00,43060.09,43115.76,42845.51,42943.21,2544.71311
2024-02-04 16:00:00,42943.2,42969.79,42573.17,42636.44,3608.11375
2024-02-04 20:00:00,42636.43,42985.73,42222.0,42582.88,4670.82554
2024-02-05 00:00:00,42582.88,42729.02,42258.1,42718.31,3709.0102
2024-02-05 04:00:00,42718.31,43176.39,42642.0,43071.88,4182.30255
2024-02-05 08:00:00,43071.87,43268.98,42954.54,43194.08,4074.55774
2024-02-05 12:00:00,43194.08,43569.76,42600.11,42644.03,8010.04502
2024-02-05 16:00:00,42644.04,42869.66,42501.0,42765.36,5069.38976
2024-02-05 20:00:00,42765.35,42798.37,42330.52,42708.7,4422.45378
2024-02-06 00:00:00,42708.7,42960.01,42574.0,42851.11,2897.16519
2024-02-06 04:00:00,42851.1,42926.73,42667.0,42890.0,2201.29331
2024-02-06 08:00:00,42889.99,43119.9,42670.61,42826.96,5579.6774
2024-02-06 12:00:00,42826.96,43270.89,42658.0,43244.89,5949.73363
2024-02-06 16:00:00,43244.89,43399.98,43000.0,43278.78,5091.59374
2024-02-06 20:00:00,43278.79,43322.0,43032.71,43098.95,2956.39106
2024-02-07 00:00:00,43098.96,43192.0,42788.0,42800.0,2968.09769
2024-02-07 04:00:00,42799.99,43051.1,42794.67,42918.03,2473.25345
2024-02-07 08:00:00,42918.02,43200.0,42838.01,42928.29,3301.4154
2024-02-07 12:00:00,42928.28,43325.03,42890.51,43071.08,5174.63854
2024-02-07 16:00:00,43071.08,43710.0,43013.75,43615.47,9646.8143
2024-02-07 20:00:00,43615.47,44396.5,43615.47,44349.6,10828.37977
2024-02-08 00:00:00,44349.6,44780.0,44331.1,44540.99,8836.19603
2024-02-08 04:00:00,44540.98,44633.78,44427.01,44513.24,3474.51592
2024-02-08 08:00:00,44513.25,44885.0,44513.24,44698.97,5858.27712
2024-02-08 12:00:00,44698.97,45467.14,44606.0,45432.3,11913.40369
2024-02-08 16:00:00,45432.3,45498.0,44890.0,45284.14,8933.58857
2024-02-08 20:00:00,45284.13,45614.3,45227.0,45288.65,6423.64098
2024-02-09 00:00:00,45288.66,46384.27,45242.12,46060.74,9482.53987
2024-02-09 04:00:00,46060.74,46425.03,45855.0,46202.0,6811.23297
2024-02-09 08:00:00,46202.01,47299.88,46201.53,47180.02,11572.91301
2024-02-09 12:00:00,47180.01,47719.44,46652.0,47159.99,21197.65997
2024-02-09 16:00:00,47159.99,48200.0,47134.0,47509.48,16961.19039
2024-02-09 20:00:00,47509.48,47693.28,47035.92,47132.77,7477.94479
2024-02-10 00:00:00,47132.78,47504.0,47044.88,47376.62,3901.03702
2024-02-10 04:00:00,47376.62,47430.03,47145.4,47151.72,2155.29282
2024-02-10 08:00:00,47151.72,47274.0,46800.0,47182.0,4546.93534
2024-02-10 12:00:00,47182.01,47378.41,47105.44,47353.48,3624.87877
2024-02-10 16:00:00,47353.48,47660.0,47154.52,47531.09,3381.00187
2024-02-10 20:00:00,47531.09,48170.0,47454.37,47751.09,7193.21354
2024-02-11 00:00:00,47751.08,48557.0,47557.16,48519.61,6452.94117
2024-02-11 04:00:00,48519.6,48592.66,48061.1,48179.52,4752.43271
2024-02-11 08:00:00,48179.51,48438.81,47922.33,48411.71,3906.99024
2024-02-11 12:00:00,48411.71,48469.07,47931.82,48150.43,5466.21997
2024-02-11 16:00:00,48150.43,48394.29,47948.38,48284.0,4641.41321
2024-02-11 20:00:00,48283.99,48375.0,47971.18,48299.99,4738.81107
2024-02-12 00:00:00,48300.0,48826.81,48009.52,48145.0,7723.68614
2024-02-12 04:00:00,48145.0,48382.27,47755.81,48203.98,4444.91925
2024-02-12 08:00:00,48203.98,48311.15,47710.01,47903.03,5444.77082
2024-02-12 12:00:00,47903.04,49950.0,47841.0,49917.8,16721.55061
2024-02-12 16:00:00,49917.8,50334.82,49372.22,49532.03,17277.9458
2024-02-12 20:00:00,49532.02,50271.02,49532.02,49917.27,7397.09443
2024-02-13 00:00:00,49917.28,50368.61,49724.33,49789.99,6175.21021
2024-02-13 04:00:00,49790.0,50117.84,49789.99,49983.09,4055.06807
2024-02-13 08:00:00,49983.09,50247.0,49650.0,49988.12,8824.89385
2024-02-13 12:00:00,49988.12,49996.0,48400.0,48727.47,19358.47315
2024-02-13 16:00:00,48727.47,49268.21,48300.95,49036.73,10392.26078
2024-02-13 20:00:00,49036.74,49775.0,49011.1,49699.59,6745.661
2024-02-14 00:00:00,49699.6,49712.94,49333.0,49518.61,3206.45301
2024-02-14 04:00:00,49518.61,49877.22,49225.01,49838.93,3998.92481
2024-02-14 08:00:00,49838.93,51723.08,49741.19,51555.12,19901.12485
2024-02-14 12:00:00,51555.12,52043.71,51276.24,51590.0,15434.55068
2024-02-14 16:00:00,51590.0,51750.0,51200.24,51678.0,8869.42094
2024-02-14 20:00:00,51677.99,51888.0,51464.0,51795.17,5635.89972
2024-02-15 00:00:00,51795.17,52500.0,51717.58,52343.32,9485.19698
2024-02-15 04:00:00,52343.32,52364.55,51634.01,51776.61,6158.65559
2024-02-15 08:00:00,51776.6,52498.12,51650.0,52330.0,6781.21145
2024-02-15 12:00:00,52330.0,52816.62,51721.31,51948.23,13915.59154
2024-02-15 16:00:00,51948.24,52380.0,51725.0,52002.01,9258.37794
2024-02-15 20:00:00,52002.01,52011.1,51314.0,51880.0,8216.99705
2024-02-16 00:00:00,51880.01,52328.0,51803.6,52280.25,4925.24862
2024-02-16 04:00:00,52280.25,52343.28,51700.0,51731.99,5910.92632
2024-02-16 08:00:00,51732.0,52435.86,51566.0,52213.86,8723.49444
2024-02-16 12:00:00,52213.87,52572.08,51592.88,51888.01,10491.97637
2024-02-16 16:00:00,51888.01,52245.0,51655.0,51756.29,4781.76179
2024-02-16 20:00:00,51756.29,52208.43,51681.1,52124.11,2938.84564
2024-02-17 00:00:00,52124.1,52162.82,51846.84,51968.75,1748.64047
2024-02-17 04:00:00,51968.75,52057.54,51792.0,51911.33,1813.90033
2024-02-17 08:00:00,51911.34,51911.34,51500.0,51690.48,3811.13615
2024-02-17 12:00:00,51690.47,51735.68,50625.0,50984.56,9664.71243
2024-02-17 16:00:00,50984.56,51444.0,50741.1,51394.43,4387.33024
2024-02-17 20:00:00,51394.44,52030.18,51303.0,51642.64,4248.2866
2024-02-18 00:00:00,51642.64,51798.99,51163.28,51479.99,3342.20712
2024-02-18 04:00:00,51479.99,51750.6,51405.52,51671.1,2668.90841
2024-02-18 08:00:00,51671.1,52069.0,51644.0,51832.01,3445.09907
2024-02-18 12:00:00,51832.01,51948.57,51535.01,51773.99,3523.91039
2024-02-18 16:00:00,51774.0,51980.73,51647.25,51758.12,3340.56645
2024-02-18 20:00:00,51758.13,52377.0,51587.4,52137.67,5671.41219
2024-02-19 00:00:00,52137.68,52428.78,51904.83,52063.81,4612.31179
2024-02-19 04:00:00,52063.8,52488.77,51989.21,52394.04,4434.73522
2024-02-19 08:00:00,52394.04,52450.0,52063.52,52336.22,4670.2242
2024-02-19 12:00:00,52336.22,52454.11,52027.0,52127.99,5672.19056
2024-02-19 16:00:00,52127.99,52230.0,51677.0,51820.61,6367.05864
2024-02-19 20:00:00,51820.61,52110.0,51705.11,51774.73,3778.47391
2024-02-20 00:00:00,51774.74,51832.01,51311.0,51580.23,5264.00845
2024-02-20 04:00:00,51580.23,52039.91,51510.0,51839.28,3718.97659
2024-02-20 08:00:00,51839.28,52380.0,51560.0,52286.8,7446.13718
2024-02-20 12:00:00,52286.8,52985.0,51340.0,51680.0,17302.62916
2024-02-20 16:00:00,51679.99,52138.31,50760.37,52101.11,10418.63903
2024-02-20 20:00:00,52101.1,52517.3,51901.1,52258.82,5464.08277
2024-02-21 00:00:00,52258.82,52366.8,51988.91,52001.99,3369.43954
2024-02-21 04:00:00,52002.0,52113.39,51452.45,51568.64,4064.1614
2024-02-21 08:00:00,51568.64,51787.04,50813.0,50965.53,9380.34826
2024-02-21 12:00:00,50965.53,51442.26,50625.0,51156.0,11653.57718
2024-02-21 16:00:00,51156.0,51427.43,50649.28,51058.0,7754.08258
2024-02-21 20:00:00,51057.99,51950.01,50862.5,51849.39,6857.79153
2024-02-22 00:00:00,51849.38,51878.18,51153.69,51586.1,4685.41723
2024-02-22 04:00:00,51586.1,51910.32,51352.0,51827.63,4426.10745
2024-02-22 08:00:00,51827.63,52034.12,51517.63,51622.04,5505.24135
2024-02-22 12:00:00,51622.05,51733.05,50940.78,51602.4,8605.10808
2024-02-22 16:00:00,51602.41,51750.01,51400.0,51509.99,5304.8486
2024-02-22 20:00:00,51509.99,52065.78,51184.04,51288.42,6782.72303
2024-02-23 00:00:00,51288.42,51548.54,50971.11,51100.0,4695.56436
2024-02-23 04:00:00,51100.0,51321.92,50889.0,50915.96,3958.88987
2024-02-23 08:00:00,50915.95,51263.22,50830.0,51218.95,4762.093
2024-02-23 12:00:00,51218.94,51333.47,50800.32,50911.11,8302.82835
2024-02-23 16:00:00,50911.1,51195.18,50629.33,51099.09,5650.6788
2024-02-23 20:00:00,51099.09,51162.04,50521.0,50744.15,3175.74106
2024-02-24 00:00:00,50744.15,50907.14,50585.0,50849.97,2775.43339
2024-02-24 04:00:00,50849.96,51103.87,50826.47,51068.7,2424.36167
2024-02-24 08:00:00,51068.7,51172.06,50953.0,51119.79,2450.32792
2024-02-24 12:00:00,51119.79,51180.41,51032.34,51099.34,1990.4479
2024-02-24 16:00:00,51099.35,51698.0,51094.99,51557.07,4634.38652
2024-02-24 20:00:00,51557.08,51666.0,51437.84,51568.22,2285.4637
2024-02-25 00:00:00,51568.21,51898.72,51438.88,51624.99,3601.71905
2024-02-25 04:00:00,51625.0,51800.03,51509.0,51719.28,2307.35285
2024-02-25 08:00:00,51719.28,51777.64,51531.73,51645.0,1998.19169
2024-02-25 12:00:00,51645.0,51780.0,51436.67,51524.02,3015.0669
2024-02-25 16:00:00,51524.02,51738.85,51279.8,51672.96,3855.78862
2024-02-25 20:00:00,51672.97,51958.55,51640.88,51728.85,3943.51248
2024-02-26 00:00:00,51728.85,51796.5,51400.0,51555.59,2849.5668
2024-02-26 04:00:00,51555.6,51598.06,51288.18,51293.26,2965.61094
2024-02-26 08:00:00,51293.26,51374.66,50901.44,51090.01,5428.89999
2024-02-26 12:00:00,51090.01,52847.84,50957.0,52842.32,11761.1694
2024-02-26 16:00:00,52842.33,54512.02,52753.28,54487.11,19931.38279
2024-02-26 20:00:00,54487.1,54910.0,54258.2,54476.47,8320.09207
2024-02-27 00:00:00,54476.48,57073.84,54450.13,55667.6,17222.6943
2024-02-27 04:00:00,55667.6,56448.0,55576.12,56059.08,8813.40604
2024-02-27 08:00:00,56059.09,56818.02,56023.8,56527.79,8262.13357
2024-02-27 12:00:00,56527.8,57416.93,56457.26,56745.66,15703.7215
2024-02-27 16:00:00,56745.66,57588.15,56209.0,57339.68,10002.01696
2024-02-27 20:00:00,57339.69,57359.0,56579.84,57037.34,7191.01325
2024-02-28 00:00:00,57037.35,57101.1,56691.85,56916.4,3603.53596
2024-02-28 04:00:00,56916.39,58379.57,56894.16,58241.1,7636.88153
2024-02-28 08:00:00,58241.09,59494.06,58171.11,58941.11,19224.20294
2024-02-28 12:00:00,58941.11,61360.0,58891.1,60966.22,26368.9182
2024-02-28 16:00:00,60966.22,64000.0,58700.0,60951.11,45415.5681
2024-02-28 20:00:00,60951.1,62647.04,59797.57,62432.1,16514.36311
2024-02-29 00:00:00,62432.11,62438.22,61021.1,61561.33,10084.02851
2024-02-29 04:00:00,61561.34,63676.35,61334.59,62707.17,14931.15457
2024-02-29 08:00:00,62707.17,63340.95,62111.1,62936.02,11918.80476
2024-02-29 12:00:00,62936.02,63531.88,62051.11,62768.02,12976.74161
2024-02-29 16:00:00,62768.01,62879.3,60364.7,61600.0,17118.2411
2024-02-29 20:00:00,61599.99,62285.47,60584.07,61130.98,11396.10548
2024-03-01 00:00:00,61130.99,61749.0,60777.0,61105.91,6345.57641
2024-03-01 04:00:00,61105.92,61772.82,61061.11,61434.0,5719.40504
2024-03-01 08:00:00,61434.0,62243.53,61316.67,61863.72,8452.27991
2024-03-01 12:00:00,61863.71,62677.06,61131.01,61263.99,9971.27905
2024-03-01 16:00:00,61263.98,62494.31,61234.0,62215.5,7886.35574
2024-03-01 20:00:00,62215.51,63114.23,62215.5,62387.9,9363.03858
2024-03-02 00:00:00,62387.9,62433.19,61949.03,62307.45,5441.91324
2024-03-02 04:00:00,62307.45,62307.45,61752.3,62011.85,4846.35512
2024-03-02 08:00:00,62011.85,62123.0,61641.1,61826.32,4411.57189
2024-03-02 12:00:00,61826.32,62167.79,61561.12,61771.2,4301.35084
2024-03-02 16:00:00,61771.21,62114.77,61625.0,62114.77,3418.28795
2024-03-02 20:00:00,62114.76,62200.0,61685.01,61987.28,3115.25755
2024-03-03 00:00:00,61987.28,62000.0,61642.39,61931.09,3127.09906
2024-03-03 04:00:00,61931.09,62100.0,61320.0,61598.0,4831.45761
2024-03-03 08:00:00,61598.01,61890.96,61393.83,61831.1,3942.85361
2024-03-03 12:00:00,61831.1,62640.18,61821.09,62164.63,6685.90515
2024-03-03 16:00:00,62164.63,62989.0,62088.0,62730.0,5623.12318
2024-03-03 20:00:00,62730.0,63231.88,62580.0,63113.97,4784.47042
2024-03-04 00:00:00,63113.97,64268.24,62300.0,63458.72,12563.71291
2024-03-04 04:00:00,63458.71,64300.0,63210.0,64066.62,6654.96237
2024-03-04 08:00:00,64066.62,65555.0,64000.11,65230.0,16002.48076
2024-03-04 12:00:00,65229.99,66580.29,64533.67,66451.65,16689.8023
2024-03-04 16:00:00,66451.65,67524.99,66039.31,67405.26,17313.10625
2024-03-04 20:00:00,67405.25,68499.0,66755.79,68245.71,15611.09546
2024-03-05 00:00:00,68245.71,68686.8,67535.31,68113.94,11448.26318
2024-03-05 04:00:00,68113.95,68384.54,65089.0,66129.64,17780.29058
2024-03-05 08:00:00,66129.64,67150.0,65515.15,66656.31,11938.90863
2024-03-05 12:00:00,66656.32,69000.0,66370.0,66773.05,22508.23086
2024-03-05 16:00:00,66773.05,66996.36,59005.0,61410.98,42797.37895
2024-03-05 20:00:00,61410.98,64367.27,61167.91,63724.01,26223.7091
2024-03-06 00:00:00,63724.01,64146.45,62779.14,63263.21,9495.88692
2024-03-06 04:00:00,63263.22,66761.1,63263.21,66676.46,15208.16062
2024-03-06 08:00:00,66676.46,67641.1,66041.63,67301.31,14316.87745
2024-03-06 12:00:00,67301.31,67592.31,64664.92,66481.12,21399.96424
2024-03-06 16:00:00,66481.12,67465.0,66221.1,66739.48,10674.76219
2024-03-06 20:00:00,66739.49,67363.58,65714.17,66074.04,7643.20349
2024-03-07 00:00:00,66074.04,66467.88,65551.0,65847.29,7749.00312
2024-03-07 04:00:00,65847.3,66469.05,65657.59,66387.78,6679.10619
2024-03-07 08:00:00,66387.77,67275.2,66341.11,66905.34,8562.6623
2024-03-07 12:00:00,66905.34,67899.0,66541.1,67260.01,13605.46645
2024-03-07 16:00:00,67260.01,67980.0,67012.0,67498.02,9547.44499
2024-03-07 20:00:00,67498.03,67914.74,66810.32,66823.17,6916.20385
2024-03-08 00:00:00,66823.18,67256.18,66757.0,67156.09,5636.13131
2024-03-08 04:00:00,67156.09,67640.45,66782.22,67223.02,5528.83778
2024-03-08 08:00:00,67223.02,67753.4,67038.71,67741.21,6407.54695
2024-03-08 12:00:00,67741.22,69990.0,67150.0,67617.6,22754.678982
2024-03-08 16:00:00,67617.6,68864.0,66082.66,68863.99,22384.90145
2024-03-08 20:00:00,68864.0,69379.0,67807.58,68124.19,11549.83637
2024-03-09 00:00:00,68124.2,68279.0,67861.1,68247.34,3976.42864
2024-03-09 04:00:00,68247.34,68541.1,68133.27,68288.64,3391.79959
2024-03-09 08:00:00,68288.64,68453.12,67933.93,68299.99,4166.2641
2024-03-09 12:00:00,68300.0,68521.1,68100.01,68288.2,3154.11941
2024-03-09 16:00:00,68288.19,68325.0,68000.0,68193.51,3079.82488
2024-03-09 20:00:00,68193.51,68433.17,68193.51,68313.27,2104.46081
2024-03-10 00:00:00,68313.28,69216.0,68200.0,69136.79,7144.0803
2024-03-10 04:00:00,69136.78,69659.47,69024.62,69347.16,5397.01526
2024-03-10 08:00:00,69347.16,69887.61,69162.0,69568.46,7712.18719
2024-03-10 12:00:00,69568.45,69833.33,68641.1,69194.83,8240.59115
2024-03-10 16:00:00,69194.83,69768.58,69111.89,69400.19,4006.35572
2024-03-10 20:00:00,69400.19,69470.01,68094.75,68955.88,5904.43873
2024-03-11 00:00:00,68955.88,68955.9,67024.96,68604.42,9122.59767
2024-03-11 04:00:00,68604.41,71298.0,68445.91,71019.99,17348.195928
2024-03-11 08:00:00,71019.99,72226.3,71019.99,71487.2,16023.350068
2024-03-11 12:00:00,71487.21,72661.1,71304.2,72010.0,15581.872268
2024-03-11 16:00:00,72010.01,72800.0,71760.0,71970.0,11603.115722
2024-03-11 20:00:00,71970.0,72750.0,71836.36,72078.1,5613.69407
2024-03-12 00:00:00,72078.1,72470.41,71400.0,71619.0,6941.41973
2024-03-12 04:00:00,71619.0,72355.15,71301.0,72121.1,6922.6066
2024-03-12 08:00:00,72121.1,72376.0,71388.0,72023.82,7323.42979
2024-03-12 12:00:00,72023.82,73000.0,70800.0,71703.41,17116.478251
2024-03-12 16:00:00,71703.41,71829.11,68620.82,71349.99,24015.90765
2024-03-12 20:00:00,71349.99,71550.05,70607.86,71452.01,6463.70467
2024-03-13 00:00:00,71452.0,72217.79,71333.31,72057.43,6367.1435
2024-03-13 04:00:00,72057.43,73182.22,71920.0,72855.16,8445.987492
2024-03-13 08:00:00,72855.15,73650.25,72820.0,73065.41,9588.448875
2024-03-13 12:00:00,73065.4,73180.0,71634.52,72634.95,14039.65954
2024-03-13 16:00:00,72634.95,73394.19,72350.0,73349.24,8727.85823
2024-03-13 20:00:00,73349.24,73410.22,72788.15,73072.41,5490.61401
2024-03-14 00:00:00,73072.4,73288.3,72500.0,73267.08,5469.57319
2024-03-14 04:00:00,73267.08,73777.0,72680.0,73224.0,7734.903346
2024-03-14 08:00:00,73224.0,73528.11,72627.0,72884.0,6407.33652
2024-03-14 12:00:00,72884.01,73047.16,70543.64,70844.01,18557.28967
2024-03-14 16:00:00,70844.0,71458.0,68555.0,69415.09,22921.42581
2024-03-14 20:00:00,69415.09,71709.9,69303.75,71388.94,10667.10021
2024-03-15 00:00:00,71388.94,72419.71,66699.0,68224.01,22422.85781
2024-03-15 04:00:00,68224.01,68861.1,66904.98,68448.29,17229.30114
2024-03-15 08:00:00,68448.28,68600.0,65600.0,67757.76,22721.61196
2024-03-15 12:00:00,67757.75,68746.69,67424.79,68157.07,12481.72359
2024-03-15 16:00:00,68157.07,70650.0,67520.01,68964.0,17320.34953
2024-03-15 20:00:00,68964.0,69750.0,67413.8,69499.85,11158.19143
2024-03-16 00:00:00,69499.84,70043.0,68932.01,69200.08,7063.23297
2024-03-16 04:00:00,69200.07,69460.91,68600.0,69432.45,5195.14968
2024-03-16 08:00:00,69432.45,69436.24,67725.53,68256.01,7874.19098
2024-03-16 12:00:00,68256.0,68499.1,67524.0,68385.58,8590.50806
2024-03-16 16:00:00,68385.58,68407.94,66670.0,66911.52,11754.26553
2024-03-16 20:00:00,66911.51,67538.49,64780.0,65300.63,15449.60614
2024-03-17 00:00:00,65300.64,66576.39,65122.23,66538.99,10190.42681
2024-03-17 04:00:00,66538.99,66560.0,64533.0,65636.67,9585.06163
2024-03-17 08:00:00,65636.68,67515.0,65290.0,66955.49,9037.77471
2024-03-17 12:00:00,66955.49,68111.45,66436.92,67965.5,8266.27135
2024-03-17 16:00:00,67965.51,68693.75,67769.86,68536.73,6689.53988
2024-03-17 20:00:00,68536.72,68904.4,67953.35,68393.48,5973.14151
2024-03-18 00:00:00,68393.47,68425.97,66800.0,67972.01,9044.36516
2024-03-18 04:00:00,67972.01,68956.0,67704.01,68218.38,6783.817
2024-03-18 08:00:00,68218.38,68483.96,67300.0,68253.4,8039.1486
2024-03-18 12:00:00,68253.39,68627.81,66628.68,67467.19,13191.14257
2024-03-18 16:00:00,67467.19,68079.52,66565.2,66936.0,12161.56392
2024-03-18 20:00:00,66936.0,67999.0,66935.99,67609.99,6471.04363
2024-03-19 00:00:00,67610.0,68124.11,64860.0,65876.01,16347.35381
2024-03-19 04:00:00,65876.01,65976.1,63577.0,64704.22,16011.77985
2024-03-19 08:00:00,64704.23,64710.69,62505.0,63081.34,21759.46345
2024-03-19 12:00:00,63081.34,64150.0,62410.78,64051.85,19821.88333
2024-03-19 16:00:00,64051.85,65756.0,63969.58,64391.99,14712.724
2024-03-19 20:00:00,64392.0,64500.12,61555.0,61937.4,12352.12043
2024-03-20 00:00:00,61937.41,63466.21,61666.0,61860.81,14260.123
2024-03-20 04:00:00,61860.82,63198.83,60775.0,62957.85,16405.1055
2024-03-20 08:00:00,62957.85,63957.74,62640.0,63392.94,11101.8558
2024-03-20 12:00:00,63392.95,64395.0,63066.6,63600.37,14577.40042
2024-03-20 16:00:00,63600.37,66000.0,62022.0,65784.46,19560.39962
2024-03-20 20:00:00,65784.47,68100.0,65656.41,67840.51,14515.70158
2024-03-21 00:00:00,67840.51,68240.47,66340.0,66654.45,9548.03051
2024-03-21 04:00:00,66654.46,67330.0,66072.2,66985.19,7775.81555
2024-03-21 08:00:00,66985.19,67659.53,66650.0,67044.0,6826.1452
2024-03-21 12:00:00,67044.01,67693.6,65885.96,66557.77,10244.26221
2024-03-21 16:00:00,66557.77,67000.0,64871.01,65223.74,11883.44847
2024-03-21 20:00:00,65223.73,65946.66,64529.01,65501.27,7079.77808
2024-03-22 00:00:00,65501.28,66160.0,65120.01,65981.99,6860.14662
2024-03-22 04:00:00,65981.99,66649.62,65756.64,66178.01,5005.64413
2024-03-22 08:00:00,66178.01,66363.1,64065.72,64233.9,8364.76408
2024-03-22 12:00:00,64233.9,64674.06,62601.11,63877.04,15779.03684
2024-03-22 16:00:00,63877.04,64126.09,62766.63,63866.93,8473.14688
2024-03-22 20:00:00,63866.94,63978.86,62260.0,63796.64,6999.63966
2024-03-23 00:00:00,63796.64,64374.91,63000.0,63556.0,5352.28065
2024-03-23 04:00:00,63556.0,64856.01,63506.5,64575.41,3673.223
2024-03-23 08:00:00,64575.41,64857.14,64186.21,64629.62,3461.5518
2024-03-23 12:00:00,64629.61,65414.69,64278.15,65104.05,5604.02124
2024-03-23 16:00:00,65104.06,65999.0,64786.25,64872.9,5268.49718
2024-03-23 20:00:00,64872.9,65199.97,63861.66,63990.01,3050.54022
2024-03-24 00:00:00,63990.02,64723.16,63922.85,63962.98,2935.71455
2024-03-24 04:00:00,63962.98,64583.44,63772.29,64583.43,2684.12371
2024-03-24 08:00:00,64583.44,65368.66,64476.0,65334.01,4489.73276
2024-03-24 12:00:00,65334.0,65925.19,65177.28,65673.36,5348.55639
2024-03-24 16:00:00,65673.36,66045.99,64600.01,65843.02,6877.2094
2024-03-24 20:00:00,65843.02,67628.69,65730.6,67209.99,9060.44334
2024-03-25 00:00:00,67210.0,67350.0,66385.06,67350.0,5111.47135
2024-03-25 04:00:00,67350.0,67740.0,66710.0,66821.19,5187.21371
2024-03-25 08:00:00,66821.19,67344.23,66747.65,66810.15,4533.27519
2024-03-25 12:00:00,66810.15,70000.0,66780.0,69792.05,18421.73075
2024-03-25 16:00:00,69792.06,71000.0,69440.18,70960.89,12949.80008
2024-03-25 20:00:00,70960.89,71150.0,69562.09,69880.01,7227.65378
2024-03-26 00:00:00,69880.0,70606.0,69732.8,70423.11,4442.88157
2024-03-26 04:00:00,70423.11,71561.1,70260.3,70486.38,6445.21132
2024-03-26 08:00:00,70486.38,71280.0,70268.66,70693.16,6034.6806
2024-03-26 12:00:00,70693.17,71136.63,69280.0,70250.0,11063.14222
2024-03-26 16:00:00,70250.01,70499.0,69412.0,69477.67,7627.77768
2024-03-26 20:00:00,69477.66,70305.33,69401.72,69988.0,3320.69078
2024-03-27 00:00:00,69987.99,70739.65,69840.0,70387.99,4372.6997
2024-03-27 04:00:00,70388.0,70598.0,69640.0,69725.99,4193.40578
2024-03-27 08:00:00,69726.0,70359.97,69407.0,70220.73,5171.78507
2024-03-27 12:00:00,70220.73,71769.54,68534.01,68874.0,22329.46086
2024-03-27 16:00:00,68873.99,69406.0,68359.18,68652.0,8096.55097
2024-03-27 20:00:00,68652.01,69637.66,68630.0,69469.99,4955.45447
2024-03-28 00:00:00,69469.99,69980.0,68903.62,69290.0,4222.74545
2024-03-28 04:00:00,69290.0,70469.82,69280.0,70399.03,4925.19222
2024-03-28 08:00:00,70399.04,70962.63,70292.44,70647.18,6772.71614
2024-03-28 12:00:00,70647.18,71552.06,70348.75,71290.39,11335.7439
2024-03-28 16:00:00,71290.38,71320.0,70404.0,70798.26,5199.87249
2024-03-28 20:00:00,70798.26,71074.03,70541.9,70780.6,2982.76219
2024-03-29 00:00:00,70780.6,70916.16,70274.07,70442.22,3035.25826
2024-03-29 04:00:00,70442.23,70538.78,69746.33,69794.0,4015.74929
2024-03-29 08:00:00,69794.01,70318.0,69566.0,70142.78,4708.66434
2024-03-29 12:00:00,70142.78,70636.04,69009.0,69180.0,7043.97127
2024-03-29 16:00:00,69179.99,69666.0,69078.62,69665.99,4246.066
2024-03-29 20:00:00,69665.99,69916.5,69290.0,69850.54,2395.37437
2024-03-30 00:00:00,69850.53,70177.87,69710.0,69773.99,2533.94601
2024-03-30 04:00:00,69774.0,70321.1,69755.98,69852.18,2669.0432
2024-03-30 08:00:00,69852.18,70183.67,69811.37,70183.55,2073.90457
2024-03-30 12:00:00,70183.54,70269.15,69925.87,69999.99,1960.15928
2024-03-30 16:00:00,69999.99,70280.06,69670.0,69896.34,2564.18678
2024-03-30 20:00:00,69896.34,69896.35,69540.0,69582.18,1843.37158
2024-03-31 00:00:00,69582.17,70165.86,69562.99,69916.61,2971.88718
2024-03-31 04:00:00,69916.6,70460.0,69874.54,70301.73,3491.10805
2024-03-31 08:00:00,70301.72,70470.0,70147.77,70369.99,1973.67988
2024-03-31 12:00:00,70369.99,70759.1,70289.72,70381.13,3579.74008
2024-03-31 16:00:00,70381.13,71227.22,70321.86,71023.5,3712.47384
2024-03-31 20:00:00,71023.51,71366.0,70639.93,71280.01,3667.4553
2024-04-01 00:00:00,71280.0,71288.23,70520.51,70588.01,3360.81417
2024-04-01 04:00:00,70588.01,70648.83,68888.0,69594.94,9756.49862
2024-04-01 08:00:00,69594.94,69799.98,69165.35,69460.01,4785.74482
2024-04-01 12:00:00,69460.0,70080.0,68161.48,68237.15,11010.9048
2024-04-01 16:00:00,68237.15,69816.24,68062.86,69648.01,8342.53739
2024-04-01 20:00:00,69648.01,69900.0,69327.66,69649.8,4188.82059
2024-04-02 00:00:00,69649.81,69674.23,66000.0,66703.97,14727.55061
2024-04-02 04:00:00,66703.97,67120.0,66120.75,66455.5,8828.4082
2024-04-02 08:00:00,66455.5,66705.08,65075.0,65622.69,13036.59722
2024-04-02 12:00:00,65622.69,66249.83,64588.58,64890.0,17665.0445
2024-04-02 16:00:00,64889.99,66200.0,64550.0,65914.9,11481.41905
2024-04-02 20:00:00,65914.91,66120.0,65200.0,65463.99,6060.80835
2024-04-03 00:00:00,65463.99,66288.88,64493.07,66225.79,9351.12963
2024-04-03 04:00:00,66225.79,66483.87,65920.0,66135.99,4521.80948
2024-04-03 08:00:00,66135.98,66642.36,65538.06,66059.76,6489.92426
2024-04-03 12:00:00,66059.75,66903.63,65635.01,65836.01,7323.44464
2024-04-03 16:00:00,65836.02,66550.0,65451.62,65784.0,6431.99952
2024-04-03 20:00:00,65784.01,66297.4,65476.63,65963.28,5768.91025
2024-04-04 00:00:00,65963.27,66354.83,65454.55,65620.01,3770.13451
2024-04-04 04:00:00,65620.0,66290.32,65064.52,66091.6,4739.31707
2024-04-04 08:00:00,66091.59,66468.99,66028.0,66353.67,3428.64196
2024-04-04 12:00:00,66353.68,67927.69,66330.56,67647.99,10795.2997
2024-04-04 16:00:00,67648.0,69309.91,67526.5,68500.0,11282.70659
2024-04-04 20:00:00,68500.0,68565.54,67320.0,68487.79,7494.3847
2024-04-05 00:00:00,68487.8,68756.67,67435.67,67863.99,5774.35522
2024-04-05 04:00:00,67864.0,68028.0,66380.0,66930.74,5658.20928
2024-04-05 08:00:00,66930.75,67684.26,66383.01,66478.0,5920.7343
2024-04-05 12:00:00,66478.0,68566.66,65952.56,68190.62,11781.15101
2024-04-05 16:00:00,68190.62,68380.0,67316.0,67412.4,6064.18449
2024-04-05 20:00:00,67412.41,67966.67,67342.0,67820.62,2716.59643
2024-04-06 00:00:00,67820.63,68065.2,67447.83,67788.01,3176.77641
2024-04-06 04:00:00,67788.0,68232.14,67602.0,67992.02,3070.43208
2024-04-06 08:00:00,67992.02,68120.0,67615.22,67668.16,2642.86157
2024-04-06 12:00:00,67668.16,68299.0,67527.78,68104.0,3568.26804
2024-04-06 16:00:00,68104.01,68484.09,67948.83,68259.98,2363.11858
2024-04-06 20:00:00,68259.99,69692.0,68166.66,68896.0,5312.83251
2024-04-07 00:00:00,68896.0,69777.0,68824.0,69408.05,4070.3115
2024-04-07 04:00:00,69408.04,69493.98,69053.97,69364.01,2506.83696
2024-04-07 08:00:00,69364.0,69555.0,69199.01,69357.0,2408.97704
2024-04-07 12:00:00,69357.0,69886.03,69210.0,69543.74,3508.85654
2024-04-07 16:00:00,69543.73,70326.29,68849.77,69068.01,6365.63132
2024-04-07 20:00:00,69068.01,69477.18,68901.0,69360.39,2674.13097
2024-04-08 00:00:00,69360.38,69841.03,69043.24,69458.95,2783.56347
2024-04-08 04:00:00,69458.95,70850.0,69280.0,70698.63,5743.89017
2024-04-08 08:00:00,70698.64,72650.0,70642.0,72404.0,17583.55254
2024-04-08 12:00:00,72404.0,72797.99,71245.17,71773.98,11394.24682
2024-04-08 16:00:00,71773.98,72104.05,71300.0,71766.0,5209.50842
2024-04-08 20:00:00,71766.0,72000.0,71500.37,71620.0,3009.11482
2024-04-09 00:00:00,71620.0,71758.19,70833.33,71285.0,4291.79016
2024-04-09 04:00:00,71285.0,71339.79,70110.0,70383.99,6190.35905
2024-04-09 08:00:00,70383.98,70905.26,69576.61,70794.85,6972.66696
2024-04-09 12:00:00,70794.84,70977.0,68535.03,69264.0,12156.24815
2024-04-09 16:00:00,69264.0,69320.0,68210.0,69000.77,6642.90689
2024-04-09 20:00:00,69000.78,69439.6,68888.47,69146.0,3039.93121
2024-04-10 00:00:00,69146.0,69594.15,68466.63,69150.18,4540.58603
2024-04-10 04:00:00,69150.18,69515.0,69005.55,69336.28,2643.50253
2024-04-10 08:00:00,69336.27,69336.28,68629.99,69043.0,4809.39998
2024-04-10 12:00:00,69043.0,69204.28,67518.0,68657.32,13749.00779
2024-04-10 16:00:00,68657.31,70098.89,68556.0,70083.99,9298.63372
2024-04-10 20:00:00,70084.0,71172.08,69581.03,70631.08,6964.89372
2024-04-11 00:00:00,70631.08,71062.0,70285.13,70851.67,4013.72496
2024-04-11 04:00:00,70851.66,71305.89,70378.11,70735.99,3777.07402
2024-04-11 08:00:00,70736.0,71256.27,69881.31,69983.16,5151.60119
2024-04-11 12:00:00,69983.16,71100.0,69567.21,70000.0,11347.13026
2024-04-11 16:00:00,70000.0,70529.73,69574.88,70459.67,4574.37082
2024-04-11 20:00:00,70459.67,70746.09,69804.87,70006.23,3053.3547
2024-04-12 00:00:00,70006.22,70996.91,70002.22,70977.27,4545.17393
2024-04-12 04:00:00,70977.27,71227.46,70566.02,70764.01,3687.50378
2024-04-12 08:00:00,70764.0,70972.0,70509.58,70904.01,3928.05462
2024-04-12 12:00:00,70904.0,70975.54,69236.95,69347.3,10668.68172
2024-04-12 16:00:00,69347.3,69580.0,65086.86,66843.98,26206.56931
2024-04-12 20:00:00,66843.98,67440.0,66680.84,67116.52,7036.87893
2024-04-13 00:00:00,67116.52,67168.0,65731.27,67160.55,7747.05556
2024-04-13 04:00:00,67160.55,67929.0,67012.67,67446.52,5876.343
2024-04-13 08:00:00,67446.53,67825.91,67090.83,67360.0,3376.15097
2024-04-13 12:00:00,67360.01,67926.0,67169.97,67676.0,3454.16666
2024-04-13 16:00:00,67675.99,67752.85,63750.01,64788.01,12176.97124
2024-04-13 20:00:00,64788.01,65608.09,60660.57,63924.51,38764.53276
2024-04-14 00:00:00,63924.52,64303.87,62134.0,63437.55,14435.88247
2024-04-14 04:00:00,63437.55,64872.96,63394.0,64464.3,9667.37241
2024-04-14 08:00:00,64464.3,64887.99,63855.45,64166.05,7342.92314
2024-04-14 12:00:00,64166.05,64848.49,63437.55,64180.97,10578.65201
2024-04-14 16:00:00,64180.98,64747.25,62573.66,64168.62,10439.26301
2024-04-14 20:00:00,64168.62,65840.0,63326.42,65661.84,9135.08514
2024-04-15 00:00:00,65661.85,65867.45,64937.01,65138.19,6221.13657
2024-04-15 04:00:00,65138.2,66582.84,64683.01,66263.84,8889.70626
2024-04-15 08:00:00,66263.84,66867.07,65807.25,65860.12,6595.64794
2024-04-15 12:00:00,65860.12,66399.0,63810.0,64568.81,11897.77903
2024-04-15 16:00:00,64568.8,64868.28,62274.4,63301.11,13199.26326
2024-04-15 20:00:00,63301.11,63633.02,62632.0,63419.99,5585.99763
2024-04-16 00:00:00,63419.99,63899.69,62750.0,62956.0,6780.05828
2024-04-16 04:00:00,62956.0,63800.0,61680.0,63516.19,10893.71179
2024-04-16 08:00:00,63516.18,63660.0,61600.0,63094.77,9560.71907
2024-04-16 12:00:00,63094.76,63422.97,61735.42,61762.2,11375.72504
2024-04-16 16:00:00,61762.19,63280.75,61694.02,62721.43,9939.37779
2024-04-16 20:00:00,62721.43,64365.0,62555.0,63793.39,4885.70134
2024-04-17 00:00:00,63793.4,64295.0,63581.16,63842.02,4408.10123
2024-04-17 04:00:00,63842.03,64499.0,63181.81,63297.84,4770.84819
2024-04-17 08:00:00,63297.85,63587.88,62541.13,62595.04,4528.8573
2024-04-17 12:00:00,62595.04,62974.88,59888.0,60304.95,19701.56268
2024-04-17 16:00:00,60304.95,61956.42,59678.16,61022.35,13090.32351
2024-04-17 20:00:00,61022.36,61763.07,60777.0,61277.37,4110.85218
2024-04-18 00:00:00,61277.38,62229.9,60939.92,61988.0,5112.05762
2024-04-18 04:00:00,61987.99,62075.46,60803.35,61178.08,5389.61634
2024-04-18 08:00:00,61178.08,63072.27,60864.0,62597.92,8854.03421
2024-04-18 12:00:00,62597.92,64117.09,61580.71,63498.7,13179.24657
2024-04-18 16:00:00,63498.69,63866.19,62310.03,63477.04,7383.52292
2024-04-18 20:00:00,63477.04,63825.74,63162.77,63470.08,3683.13152
2024-04-19 00:00:00,63470.09,63470.09,59600.01,61785.14,18924.46633
2024-04-19 04:00:00,61785.14,65179.0,61739.68,64547.18,16300.5042
2024-04-19 08:00:00,64547.18,65450.0,64098.13,64870.74,10760.55037
2024-04-19 12:00:00,64870.73,65440.57,63820.57,64437.17,10695.68779
2024-04-19 16:00:00,64437.18,64808.54,63506.57,64325.25,7338.37595
2024-04-19 20:00:00,64325.26,64494.03,62953.9,63818.01,5754.71807
2024-04-20 00:00:00,63818.01,64263.41,63090.07,63956.0,4907.95296
2024-04-20 04:00:00,63956.01,64268.58,63815.53,63961.22,2687.98622
2024-04-20 08:00:00,63961.22,63988.0,63277.0,63707.17,3210.87149
2024-04-20 12:00:00,63707.18,64960.37,63575.83,64808.35,3733.80603
2024-04-20 16:00:00,64808.35,65419.0,64456.54,64866.44,6438.0366
2024-04-20 20:00:00,64866.45,65031.25,64555.0,64940.59,2158.77645
2024-04-21 00:00:00,64940.58,65695.56,64608.0,65170.0,3453.01051
2024-04-21 04:00:00,65170.01,65244.65,64843.98,65150.66,2641.24775
2024-04-21 08:00:00,65150.67,65440.95,64763.15,65234.01,3450.14128
2024-04-21 12:00:00,65234.02,65375.41,64778.69,65043.69,2695.60703
2024-04-21 16:00:00,65043.7,65087.92,64237.5,64538.0,4176.1013
2024-04-21 20:00:00,64538.0,65167.19,64362.5,64941.15,2900.31365
2024-04-22 00:00:00,64941.15,66090.69,64500.0,65703.5,7919.96299
2024-04-22 04:00:00,65703.49,66479.8,65509.24,65980.0,6098.37541
2024-04-22 08:00:00,65980.01,66204.44,65702.0,65877.47,3405.5687
2024-04-22 12:00:00,65877.47,66477.53,65626.87,65994.38,5461.41672
2024-04-22 16:00:00,65994.39,66824.28,65913.52,66524.77,4574.61291
2024-04-22 20:00:00,66524.77,67232.35,66342.1,66819.32,3938.05698
2024-04-23 00:00:00,66819.32,67183.01,66419.55,66435.01,3243.03761
2024-04-23 04:00:00,66435.01,66646.0,66020.0,66099.79,3505.2568
2024-04-23 08:00:00,66099.79,66310.44,65852.35,66043.99,3664.65129
2024-04-23 12:00:00,66043.99,67130.0,65765.81,66419.56,7336.45218
2024-04-23 16:00:00,66419.56,66905.99,66350.91,66484.43,2615.80021
2024-04-23 20:00:00,66484.43,66484.96,65980.0,66414.0,2234.70195
2024-04-24 00:00:00,66414.0,66900.0,66390.0,66608.14,3046.35629
2024-04-24 04:00:00,66608.14,67070.43,66552.37,66630.9,3233.87893
2024-04-24 08:00:00,66630.89,66743.01,66203.05,66571.52,3109.38742
2024-04-24 12:00:00,66571.52,66737.0,64519.03,64610.11,11318.18882
2024-04-24 16:00:00,64610.1,65156.95,63736.7,63976.06,7661.7157
2024-04-24 20:00:00,63976.05,64447.91,63606.06,64289.59,5226.16921
2024-04-25 00:00:00,64289.58,64741.47,63860.0,64282.01,3701.42089
2024-04-25 04:00:00,64282.02,64397.78,63824.07,64017.99,2632.77055
2024-04-25 08:00:00,64017.99,64192.0,63337.25,63861.23,5784.37183
2024-04-25 12:00:00,63861.24,64302.99,62794.0,64135.94,9541.23587
2024-04-25 16:00:00,64135.93,64975.0,63971.48,64747.11,5893.40227
2024-04-25 20:00:00,64747.12,65297.94,64447.75,64498.34,3788.26197
2024-04-26 00:00:00,64498.33,64662.53,63890.82,64381.24,4501.10389
2024-04-26 04:00:00,64381.25,64610.82,64000.02,64276.95,3820.59365
2024-04-26 08:00:00,64276.94,64581.52,64059.8,64244.02,3562.57552
2024-04-26 12:00:00,64244.03,64820.01,63297.48,63503.22,9690.76928
2024-04-26 16:00:00,63503.22,64162.5,63318.75,63742.05,3712.95105
2024-04-26 20:00:00,63742.07,64107.32,63689.22,63770.01,1797.20007
2024-04-27 00:00:00,63770.0,63923.41,62391.24,63082.01,6657.76903
2024-04-27 04:00:00,63082.0,63175.0,62808.0,62966.83,2242.40457
2024-04-27 08:00:00,62966.84,63060.0,62673.37,62862.14,2079.69094
2024-04-27 12:00:00,62862.13,63408.53,62810.29,62951.75,3503.85622
2024-04-27 16:00:00,62951.75,63650.0,62750.0,63352.11,4913.85251
2024-04-27 20:00:00,63352.11,63555.56,63157.98,63461.98,1535.48725
2024-04-28 00:00:00,63461.98,64370.0,63456.86,64021.62,3385.63662
2024-04-28 04:00:00,64021.62,64060.0,63800.0,63915.5,2305.67426
2024-04-28 08:00:00,63915.5,63979.27,63345.55,63484.01,2754.13016
2024-04-28 12:00:00,63484.0,63869.09,63415.6,63540.0,2421.65968
2024-04-28 16:00:00,63540.0,63976.0,63483.18,63730.49,1787.98929
2024-04-28 20:00:00,63730.49,63745.91,62781.0,63118.62,4294.11004
2024-04-29 00:00:00,63118.62,63367.05,62150.52,62279.67,4182.37182
2024-04-29 04:00:00,62279.68,62639.4,61923.13,62399.98,4977.90568
2024-04-29 08:00:00,62399.98,62673.18,62179.99,62256.0,3033.90933
2024-04-29 12:00:00,62256.0,63112.29,61765.53,63039.07,8212.51545
2024-04-29 16:00:00,63039.07,63221.74,62546.37,62987.37,3504.07719
2024-04-29 20:00:00,62987.37,64228.35,62820.0,63866.0,4239.45
2024-04-30 00:00:00,63866.0,64734.0,62995.7,63647.99,6641.99134
2024-04-30 04:00:00,63647.99,63708.7,63069.68,63148.74,3035.08013
2024-04-30 08:00:00,63148.74,63244.0,61000.0,61204.42,14068.13369
2024-04-30 12:00:00,61204.41,61559.36,60546.22,60796.85,10504.86521
2024-04-30 16:00:00,60796.86,60947.55,59191.6,59292.95,13263.13146
2024-04-30 20:00:00,59292.95,61070.71,59274.75,60672.0,7434.45352
2024-05-01 00:00:00,60672.01,60841.63,59590.0,60246.03,6530.47723
2024-05-01 04:00:00,60246.02,60361.09,57100.0,57499.99,15737.62045
2024-05-01 08:00:00,57500.0,57909.0,56552.82,57898.47,18606.5614
2024-05-01 12:00:00,57898.46,58275.87,56674.51,56886.0,11686.74779
2024-05-01 16:00:00,56886.0,59468.0,56625.09,56954.47,20507.82488
2024-05-01 20:00:00,56954.46,58575.32,56760.02,58364.97,8097.23648
2024-05-02 00:00:00,58364.97,58610.55,56911.84,57442.88,11212.01702
2024-05-02 04:00:00,57442.88,57945.19,57202.49,57681.08,4030.5593
2024-05-02 08:00:00,57681.08,58689.55,57561.14,58559.66,7270.28163
2024-05-02 12:00:00,58559.66,59455.0,58222.0,59264.15,15027.94977
2024-05-02 16:00:00,59264.16,59575.29,58943.38,59351.11,5176.24271
2024-05-02 20:00:00,59351.1,59625.0,58637.62,59060.61,4866.76918
2024-05-03 00:00:00,59060.6,59999.0,58811.32,59720.3,5109.40917
2024-05-03 04:00:00,59720.3,59844.94,59061.63,59190.74,3909.0336
2024-05-03 08:00:00,59190.74,59575.48,58849.94,59291.09,3640.85276
2024-05-03 12:00:00,59291.1,62115.64,58991.99,61690.74,19191.72512
2024-05-03 16:00:00,61690.74,62179.99,61533.2,62067.32,4594.31487
2024-05-03 20:00:00,62067.32,63333.0,61974.0,62882.01,7183.06591
2024-05-04 00:00:00,62882.01,63595.14,62541.03,62724.0,4743.46495
2024-05-04 04:00:00,62724.0,63450.0,62686.0,62959.03,3268.58824
2024-05-04 08:00:00,62959.03,64540.0,62924.37,63873.31,6546.74516
2024-05-04 12:00:00,63873.3,64158.19,63434.53,63609.17,3811.93368
2024-05-04 16:00:00,63609.17,64019.83,63300.58,63921.18,3617.97274
2024-05-04 20:00:00,63921.17,64240.76,63550.0,63892.04,2379.98805
2024-05-05 00:00:00,63892.03,64188.0,62822.17,63235.93,4023.81118
2024-05-05 04:00:00,63235.93,63959.0,63119.32,63736.87,1984.95667
2024-05-05 08:00:00,63736.86,63937.17,63539.53,63859.63,2431.33573
2024-05-05 12:00:00,63859.63,64646.0,63618.91,64428.65,5405.83792
2024-05-05 16:00:00,64428.64,64554.68,63811.01,63879.94,2871.91182
2024-05-05 20:00:00,63879.94,64227.51,63582.08,64012.0,1808.89697
2024-05-06 00:00:00,64012.0,64465.0,63708.58,63866.59,3162.30361
2024-05-06 04:00:00,63866.59,64588.0,63768.72,64540.75,4129.26675
2024-05-06 08:00:00,64540.75,65500.0,63815.38,64203.56,9354.00852
2024-05-06 12:00:00,64203.55,64319.86,62909.61,63632.01,10782.37421
2024-05-06 16:00:00,63632.01,63747.59,62700.0,63220.0,5039.95966
2024-05-06 20:00:00,63220.0,63611.85,63051.94,63165.19,2207.00674
2024-05-07 00:00:00,63165.18,63967.19,62832.6,63239.49,4005.85545
2024-05-07 04:00:00,63239.5,63853.12,63092.76,63669.69,2871.47278
2024-05-07 08:00:00,63669.69,64422.41,63358.0,63490.43,5001.25779
2024-05-07 12:00:00,63490.43,64320.0,63050.77,63740.48,5420.86559
2024-05-07 16:00:00,63740.48,63895.46,62789.89,63060.01,3582.30191
2024-05-07 20:00:00,63060.0,63197.58,62261.0,62312.08,4717.0412
2024-05-08 00:00:00,62312.07,62973.18,62111.0,62893.99,3337.82292
2024-05-08 04:00:00,62894.0,63020.22,62020.09,62208.0,3859.89848
2024-05-08 08:00:00,62208.0,62519.7,62042.0,62243.4,3513.4572
2024-05-08 12:00:00,62243.4,62828.0,61761.0,62273.08,6158.24711
2024-05-08 16:00:00,62273.07,62760.0,61949.42,62179.45,3301.14049
2024-05-08 20:00:00,62179.45,62248.84,60888.0,61193.03,5950.62384
2024-05-09 00:00:00,61193.03,61806.98,61144.33,61680.4,2721.61729
2024-05-09 04:00:00,61680.4,61780.6,61129.0,61253.16,2905.35223
2024-05-09 08:00:00,61253.16,61447.06,60630.0,61053.99,5362.37094
2024-05-09 12:00:00,61053.99,62285.0,60882.19,62159.06,8288.33478
2024-05-09 16:00:00,62159.06,62668.67,61750.0,62454.92,6281.25123
2024-05-09 20:00:00,62454.92,63429.03,62346.36,63074.01,5101.87963
2024-05-10 00:00:00,63074.0,63094.01,62662.07,62916.16,2735.78507
2024-05-10 04:00:00,62916.16,63380.0,62660.42,63078.02,4829.47839
2024-05-10 08:00:00,63078.01,63320.0,62800.0,63299.63,3172.4998
2024-05-10 12:00:00,63299.63,63469.13,60690.0,60928.02,13444.88923
2024-05-10 16:00:00,60928.02,61294.82,60187.12,60716.97,9448.65481
2024-05-10 20:00:00,60716.96,61003.0,60456.91,60799.99,2898.03295
2024-05-11 00:00:00,60799.99,61096.27,60650.0,60731.9,2363.19506
2024-05-11 04:00:00,60731.89,61080.0,60712.0,61018.52,1958.49596
2024-05-11 08:00:00,61018.53,61058.75,60487.09,60684.01,2622.23696
2024-05-11 12:00:00,60684.0,61515.0,60643.94,61174.18,2983.17984
2024-05-11 16:00:00,61174.18,61410.09,61016.0,61144.0,1958.45382
2024-05-11 20:00:00,61144.01,61154.21,60743.51,60825.99,1489.00772
2024-05-12 00:00:00,60825.99,61104.05,60804.0,60930.0,1266.79428
2024-05-12 04:00:00,60930.01,61120.0,60610.0,60820.0,1414.28916
2024-05-12 08:00:00,60819.99,61366.59,60790.94,61146.0,2340.63752
2024-05-12 12:00:00,61145.99,61587.12,61090.0,61419.0,2048.43475
2024-05-12 16:00:00,61419.01,61888.0,61109.67,61406.1,3820.38147
2024-05-12 20:00:00,61406.11,61551.43,60910.58,61483.99,1862.59518
2024-05-13 00:00:00,61484.0,61812.0,60749.21,61170.0,5351.68295
2024-05-13 04:00:00,61170.0,62450.0,60797.79,62334.37,4765.16809
2024-05-13 08:00:00,62334.36,63295.48,62334.36,62738.0,9213.32472
2024-05-13 12:00:00,62737.99,63200.0,62399.35,63002.0,5842.90422
2024-05-13 16:00:00,63002.0,63450.0,62566.36,63172.69,5512.43015
2024-05-13 20:00:00,63172.7,63193.59,62715.57,62940.08,2047.90826
2024-05-14 00:00:00,62940.09,63118.36,62403.22,62488.46,4185.92634
2024-05-14 04:00:00,62488.46,62780.73,61404.34,62035.39,6129.65977
2024-05-14 08:00:00,62035.39,62045.8,61520.89,61798.57,2978.35656
2024-05-14 12:00:00,61798.57,62300.0,61142.77,61787.61,9371.49007
2024-05-14 16:00:00,61787.6,61816.34,61159.34,61596.52,4672.60874
2024-05-14 20:00:00,61596.51,61789.99,61472.41,61577.49,1750.67893
2024-05-15 00:00:00,61577.49,62033.48,61319.47,61949.99,2150.95758
2024-05-15 04:00:00,61949.99,62280.01,61818.18,62195.04,2500.5292
2024-05-15 08:00:00,62195.04,62999.44,61923.2,62467.18,5841.97337
2024-05-15 12:00:00,62467.18,65057.26,62402.03,64725.11,18482.64633
2024-05-15 16:00:00,64725.12,66419.15,64720.0,66006.23,9790.73766
2024-05-15 20:00:00,66006.23,66444.16,65738.0,66206.5,4792.90305
2024-05-16 00:00:00,66206.51,66666.0,65746.42,65975.39,4545.03782
2024-05-16 04:00:00,65975.39,66278.04,65652.92,66142.62,3539.9064
2024-05-16 08:00:00,66142.62,66585.7,66000.0,66503.8,3707.82709
2024-05-16 12:00:00,66503.81,66752.01,65361.51,65818.88,8417.05624
2024-05-16 16:00:00,65818.89,65827.47,64602.77,65186.85,8466.84763
2024-05-16 20:00:00,65186.84,65500.0,65050.0,65235.21,2429.69192
2024-05-17 00:00:00,65235.21,65901.46,65106.38,65584.53,3015.02361
2024-05-17 04:00:00,65584.53,66500.0,65367.51,66386.94,4966.49056
2024-05-17 08:00:00,66386.93,66564.23,66068.79,66218.0,3554.56752
2024-05-17 12:00:00,66217.99,67451.2,65828.03,67195.1,7892.28774
2024-05-17 16:00:00,67195.09,67300.0,66214.67,67047.99,5023.34456
2024-05-17 20:00:00,67047.99,67089.72,66669.72,67024.0,1840.5201
2024-05-18 00:00:00,67024.0,67095.88,66725.53,66945.05,2481.3965
2024-05-18 04:00:00,66945.06,67240.69,66730.0,66887.0,2081.50495
2024-05-18 08:00:00,66887.01,67400.01,66840.0,67190.82,3570.27427
2024-05-18 12:00:00,67190.81,67227.97,66600.0,66823.63,3512.39354
2024-05-18 16:00:00,66823.63,66992.53,66722.0,66912.62,1415.23897
2024-05-18 20:00:00,66912.62,67039.92,66810.0,66915.2,1380.44951
2024-05-19 00:00:00,66915.2,67294.35,66837.39,67170.21,1968.76906
2024-05-19 04:00:00,67170.2,67329.45,66930.4,67324.44,1770.85016
2024-05-19 08:00:00,67324.44,67700.0,66950.0,67330.0,4156.529
2024-05-19 12:00:00,67330.01,67330.01,66677.0,66889.88,3575.96349
2024-05-19 16:00:00,66889.88,66990.0,65857.25,66034.01,4551.01267
2024-05-19 20:00:00,66034.01,66463.0,66000.0,66274.01,2002.17971
2024-05-20 00:00:00,66274.0,66768.87,66060.31,66675.22,2810.74639
2024-05-20 04:00:00,66675.21,67295.99,66279.64,66825.14,4518.75286
2024-05-20 08:00:00,66825.15,67349.0,66750.0,66994.2,3926.45606
2024-05-20 12:00:00,66994.2,67487.0,66753.42,67419.99,5810.8034
2024-05-20 16:00:00,67420.0,70000.0,67374.42,69999.99,16377.91082
2024-05-20 20:00:00,70000.0,71515.56,68905.67,71446.62,17372.03157
2024-05-21 00:00:00,71446.62,71979.0,70706.0,71284.0,13088.39015
2024-05-21 04:00:00,71283.99,71394.2,70826.92,70878.29,6601.84071
2024-05-21 08:00:00,70878.3,71474.92,70839.63,71130.0,7293.08407
2024-05-21 12:00:00,71130.0,71455.09,69685.01,69826.99,11191.26336
2024-05-21 16:00:00,69827.0,70263.03,69162.94,69285.99,7682.81292
2024-05-21 20:00:00,69285.99,70377.77,69240.57,70148.34,3750.04239
2024-05-22 00:00:00,70148.34,70368.6,69822.76,69955.72,3712.34798
2024-05-22 04:00:00,69955.72,70059.89,69165.0,69715.0,3561.58064
2024-05-22 08:00:00,69715.0,70275.14,69636.01,69736.13,3338.95553
2024-05-22 12:00:00,69736.14,70591.0,69435.3,70455.9,6115.43217
2024-05-22 16:00:00,70455.89,70666.0,69228.64,69637.47,6273.89945
2024-05-22 20:00:00,69637.48,69976.0,68842.19,69166.62,4670.96449
2024-05-23 00:00:00,69166.62,69626.87,69166.61,69446.14,2519.07727
2024-05-23 04:00:00,69446.14,69862.44,69347.17,69734.04,2641.29925
2024-05-23 08:00:00,69734.05,70061.0,69520.02,69982.72,3721.08269
2024-05-23 12:00:00,69982.72,70096.12,67610.95,68076.0,12779.86105
2024-05-23 16:00:00,68075.99,68167.97,66764.7,67199.98,6871.2151
2024-05-23 20:00:00,67199.98,68365.81,66312.16,67969.65,11980.63838
2024-05-24 00:00:00,67969.66,68017.56,67628.01,67891.83,3527.41135
2024-05-24 04:00:00,67891.83,67922.79,66816.21,67155.93,5910.48089
2024-05-24 08:00:00,67155.93,67523.78,66600.12,67349.99,3483.32864
2024-05-24 12:00:00,67350.0,68420.0,66921.97,68326.46,7204.20269
2024-05-24 16:00:00,68326.46,69250.0,67924.39,69115.98,6124.27945
2024-05-24 20:00:00,69115.98,69214.0,68524.94,68549.99,1846.13362
2024-05-25 00:00:00,68549.99,68910.0,68500.0,68757.85,1641.62583
2024-05-25 04:00:00,68757.84,68831.88,68615.56,68753.92,1418.86107
2024-05-25 08:00:00,68753.93,69610.0,68749.2,69104.67,3074.05389
2024-05-25 12:00:00,69104.68,69299.99,68847.65,68930.4,3361.6813
2024-05-25 16:00:00,68930.39,69266.66,68849.5,69155.32,1460.29445
2024-05-25 20:00:00,69155.32,69356.6,69050.01,69290.57,1173.87764
2024-05-26 00:00:00,69290.56,69319.31,68808.37,69073.62,1604.1616
2024-05-26 04:00:00,69073.62,69435.36,68928.22,69340.15,1384.96206
2024-05-26 08:00:00,69340.16,69562.23,68974.55,69134.91,2431.33857
2024-05-26 12:00:00,69134.91,69399.0,68668.6,68847.99,2691.07965
2024-05-26 16:00:00,68847.98,68973.15,68692.11,68903.54,1856.42507
2024-05-26 20:00:00,68903.53,68911.56,68128.01,68507.67,1904.15102
2024-05-27 00:00:00,68507.67,69298.0,68481.31,68873.43,3075.08732
2024-05-27 04:00:00,68873.43,68901.74,68321.95,68643.36,2593.08429
2024-05-27 08:00:00,68643.36,68944.2,68250.0,68434.26,2936.86739
2024-05-27 12:00:00,68434.26,70520.3,68384.0,70373.85,7055.83517
2024-05-27 16:00:00,70373.86,70687.56,69069.0,69260.01,5008.7635
2024-05-27 20:00:00,69260.02,69887.9,69177.01,69436.43,2467.2897
2024-05-28 00:00:00,69436.43,69591.81,67753.0,68050.3,6835.12436
2024-05-28 04:00:00,68050.3,68134.0,67486.65,67694.0,4924.25467
2024-05-28 08:00:00,67694.01,68902.71,67582.13,68389.87,5753.28941
2024-05-28 12:00:00,68389.87,68559.99,67529.62,68374.08,7315.8352
2024-05-28 16:00:00,68374.08,68598.33,67277.91,68424.29,5785.87242
2024-05-28 20:00:00,68424.28,68661.28,68124.04,68398.39,2008.59436
2024-05-29 00:00:00,68398.4,68923.0,68266.04,68829.42,2939.72633
2024-05-29 04:00:00,68829.41,68935.68,67936.35,67946.9,3436.4985
2024-05-29 08:00:00,67946.89,68033.33,67602.34,67763.59,3936.67261
2024-05-29 12:00:00,67763.59,68280.0,67262.34,67379.13,7094.29394
2024-05-29 16:00:00,67379.13,67742.0,67124.65,67266.78,3771.18556
2024-05-29 20:00:00,67266.78,67826.09,67151.35,67652.42,1981.45455
2024-05-30 00:00:00,67652.41,68199.97,67471.67,68118.2,2683.70027
2024-05-30 04:00:00,68118.2,68422.89,67508.42,67584.56,4433.93438
2024-05-30 08:00:00,67584.57,68100.0,67128.0,67817.01,4585.8536
2024-05-30 12:00:00,67817.01,68826.31,67755.0,68530.76,7062.79888
2024-05-30 16:00:00,68530.77,69500.0,68384.0,68653.02,7037.66907
2024-05-30 20:00:00,68653.02,68657.41,68050.01,68352.17,2674.2622
2024-05-31 00:00:00,68352.17,68729.73,68274.0,68535.81,2131.97288
2024-05-31 04:00:00,68535.81,68654.33,68075.99,68174.99,2754.48155
2024-05-31 08:00:00,68175.0,68461.0,67876.0,68349.73,3296.46239
2024-05-31 12:00:00,68349.73,69044.1,67200.0,67215.58,9839.14106
2024-05-31 16:00:00,67215.58,67999.0,66670.0,67681.0,6363.51811
2024-05-31 20:00:00,67681.0,67798.0,67239.19,67540.01,2304.74585
2024-06-01 00:00:00,67540.01,67757.14,67428.44,67715.31,1777.35139
2024-06-01 04:00:00,67715.31,67810.0,67575.23,67632.08,1250.73388
2024-06-01 08:00:00,67632.07,67760.0,67611.61,67660.57,1293.15334
2024-06-01 12:00:00,67660.57,67872.5,67640.0,67691.28,1527.99394
2024-06-01 16:00:00,67691.28,67900.0,67556.72,67753.76,1933.67458
2024-06-01 20:00:00,67753.76,67885.0,67700.0,67766.85,1054.7542
2024-06-02 00:00:00,67766.84,67910.55,67643.33,67789.47,1287.2317
2024-06-02 04:00:00,67789.48,67867.6,67720.41,67721.0,1056.53192
2024-06-02 08:00:00,67721.01,68320.08,67367.2,68251.52,2959.02252
2024-06-02 12:00:00,68251.53,68460.0,67800.0,68142.17,4215.16637
2024-06-02 16:00:00,68142.18,68200.0,67257.47,67736.95,4668.17947
2024-06-02 20:00:00,67736.95,67984.01,67577.65,67765.63,1240.19331
2024-06-03 00:00:00,67765.62,68793.97,67612.48,68382.81,3808.91033
2024-06-03 04:00:00,68382.8,69221.0,68285.29,68906.7,5525.34568
2024-06-03 08:00:00,68906.7,69333.0,68824.0,69080.0,3826.91777
2024-06-03 12:00:00,69080.0,70288.0,68500.0,69615.28,10231.02887
2024-06-03 16:00:00,69615.27,69715.61,68800.0,69204.0,3716.39069
2024-06-03 20:00:00,69204.0,69509.38,68730.51,68809.9,2524.78066
2024-06-04 00:00:00,68809.89,69370.01,68629.9,69170.22,2195.99092
2024-06-04 04:00:00,69170.22,69268.27,68745.68,69013.63,2550.75405
2024-06-04 08:00:00,69013.62,69191.99,68567.32,68955.85,3143.28299
2024-06-04 12:00:00,68955.84,70480.0,68843.73,70445.0,10001.68378
2024-06-04 16:00:00,70445.0,71063.45,70092.5,70423.6,9252.35453
2024-06-04 20:00:00,70423.61,70736.0,70168.67,70537.84,2475.71862
2024-06-05 00:00:00,70537.83,71275.0,70423.51,70947.58,4747.42504
2024-06-05 04:00:00,70947.58,71379.21,70826.15,71200.0,4692.49958
2024-06-05 08:00:00,71199.99,71243.6,70694.61,70971.71,3455.32686
2024-06-05 12:00:00,70971.7,71731.35,70383.66,71580.0,7724.60004
2024-06-05 16:00:00,71580.01,71758.0,70871.2,71279.95,5604.75987
2024-06-05 20:00:00,71279.95,71357.68,70700.0,71108.0,2478.56943
2024-06-06 00:00:00,71108.0,71237.02,70900.0,71050.0,1838.31631
2024-06-06 04:00:00,71050.0,71106.46,70800.0,71021.47,2441.77446
2024-06-06 08:00:00,71021.46,71204.59,70862.5,71170.01,2311.02713
2024-06-06 12:00:00,71170.01,71700.0,71000.0,71300.0,6417.45132
2024-06-06 16:00:00,71300.0,71379.93,70450.0,70479.49,5514.55376
2024-06-06 20:00:00,70479.49,70958.89,70117.64,70799.06,3318.88151
2024-06-07 00:00:00,70799.06,71015.2,70663.59,70989.68,1822.51982
2024-06-07 04:00:00,70989.69,71449.98,70989.68,71110.0,4173.52745
2024-06-07 08:00:00,71110.01,71700.0,71048.12,71699.99,3176.10664
2024-06-07 12:00:00,71700.0,71997.02,70633.21,71111.54,9856.47926
2024-06-07 16:00:00,71111.55,71208.89,68420.0,69255.0,13917.20632
2024-06-07 20:00:00,69255.01,69585.96,68978.52,69355.6,2652.61096
2024-06-08 00:00:00,69355.6,69525.0,69287.28,69432.0,1791.64307
2024-06-08 04:00:00,69432.0,69582.2,69232.15,69582.2,1721.33097
2024-06-08 08:00:00,69582.2,69582.2,69318.19,69365.93,1625.99373
2024-06-08 12:00:00,69365.94,69491.36,69168.02,69430.01,2118.57239
2024-06-08 16:00:00,69430.01,69490.0,69292.22,69460.01,1578.06404
2024-06-08 20:00:00,69460.0,69475.18,69290.28,69310.46,938.22547
2024-06-09 00:00:00,69310.46,69346.9,69130.24,69259.38,1184.61971
2024-06-09 04:00:00,69259.38,69425.7,69234.73,69295.64,1031.53735
2024-06-09 08:00:00,69295.64,69397.19,69283.45,69367.69,869.09305
2024-06-09 12:00:00,69367.68,69777.0,69250.01,69508.64,3778.30362
2024-06-09 16:00:00,69508.64,69857.14,69500.0,69710.26,1982.06406
2024-06-09 20:00:00,69710.26,69821.53,69590.33,69648.14,1044.9493
2024-06-10 00:00:00,69648.15,69801.34,69426.0,69613.2,1986.09511
2024-06-10 04:00:00,69613.2,69677.5,69249.99,69303.99,2111.8604
2024-06-10 08:00:00,69304.0,69550.0,69172.29,69473.89,2217.29737
2024-06-10 12:00:00,69473.89,70195.94,69201.59,70066.12,4204.58568
2024-06-10 16:00:00,70066.12,70141.1,69386.81,69490.8,4296.16146
2024-06-10 20:00:00,69490.81,69700.51,69334.46,69540.0,2306.66939
2024-06-11 00:00:00,69540.0,69590.01,67900.0,68464.0,8068.669
2024-06-11 04:00:00,68464.0,68464.0,67325.0,67570.18,7797.79833
2024-06-11 08:00:00,67570.18,67662.49,66732.0,66890.01,7282.49886
2024-06-11 12:00:00,66890.0,67278.88,66051.0,66244.48,9349.62363
2024-06-11 16:00:00,66244.48,67586.64,66161.26,67407.01,6551.1506
2024-06-11 20:00:00,67407.02,67588.22,67173.92,67314.24,2386.27546
2024-06-12 00:00:00,67314.23,67596.15,66905.0,67407.0,2922.2534
2024-06-12 04:00:00,67407.01,67624.89,67195.97,67453.63,2712.51803
2024-06-12 08:00:00,67453.64,68059.01,67353.02,67778.43,3358.7204
2024-06-12 12:00:00,67778.43,69999.0,67736.0,69734.0,12403.63584
2024-06-12 16:00:00,69734.0,69862.4,67250.0,67532.92,11888.022
2024-06-12 20:00:00,67532.92,68667.44,67413.51,68263.99,3890.17389
2024-06-13 00:00:00,68263.98,68393.63,66969.98,67474.94,5168.64979
2024-06-13 04:00:00,67474.95,67729.41,67300.3,67724.81,2963.75859
2024-06-13 08:00:00,67724.8,67971.2,67168.0,67739.99,3762.21969
2024-06-13 12:00:00,67740.0,68449.3,66368.76,66470.01,10171.91317
2024-06-13 16:00:00,66470.01,67080.13,66251.78,66604.01,5091.83328
2024-06-13 20:00:00,66604.01,66980.0,66530.84,66773.01,1921.18119
2024-06-14 00:00:00,66773.01,67027.32,66480.0,66744.0,2704.93799
2024-06-14 04:00:00,66744.0,67221.32,66707.76,66904.98,2943.04425
2024-06-14 08:00:00,66904.98,67256.32,66746.4,67036.0,3383.9336
2024-06-14 12:00:00,67035.99,67370.24,66344.67,66392.0,5730.45832
2024-06-14 16:00:00,66392.0,66520.0,65078.0,65520.02,9683.77753
2024-06-14 20:00:00,65520.02,66627.52,65480.0,66043.99,3962.03628
2024-06-15 00:00:00,66043.99,66290.0,65967.5,66267.87,2008.24903
2024-06-15 04:00:00,66267.87,66416.66,66065.8,66076.99,2891.47187
2024-06-15 08:00:00,66076.99,66348.0,66076.98,66319.95,1493.77779
2024-06-15 12:00:00,66319.94,66478.48,66153.84,66316.02,2100.54737
2024-06-15 16:00:00,66316.02,66360.0,66071.47,66154.7,1431.64709
2024-06-15 20:00:00,66154.7,66287.76,65857.1,66228.25,1526.10927
2024-06-16 00:00:00,66228.25,66269.74,66076.55,66146.0,790.58916
2024-06-16 04:00:00,66145.99,66360.18,66034.5,66266.3,1179.96721
2024-06-16 08:00:00,66266.3,66770.0,66172.5,66492.83,2395.77885
2024-06-16 12:00:00,66492.83,66793.72,66480.0,66712.8,1854.32659
2024-06-16 16:00:00,66712.8,66744.71,66522.0,66562.52,1140.46531
2024-06-16 20:00:00,66562.52,66998.7,66460.0,66676.87,2031.39511
2024-06-17 00:00:00,66676.86,66913.69,66155.0,66222.0,3307.38167
2024-06-17 04:00:00,66222.0,66567.68,65939.67,66172.0,2843.05342
2024-06-17 08:00:00,66172.0,66317.64,65556.0,65817.2,4095.43003
2024-06-17 12:00:00,65817.2,65827.9,65130.0,65368.0,5353.73577
2024-06-17 16:00:00,65368.0,67298.81,65138.0,66691.99,8280.08295
2024-06-17 20:00:00,66691.99,66764.7,66164.01,66504.33,3506.48467
2024-06-18 00:00:00,66504.33,66588.23,64569.0,65500.0,11041.36558
2024-06-18 04:00:00,65500.0,65845.47,65344.24,65672.51,4340.32865
2024-06-18 08:00:00,65672.51,65750.01,65100.0,65366.0,3732.15562
2024-06-18 12:00:00,65366.0,65433.97,64261.12,64706.0,11395.51177
2024-06-18 16:00:00,64705.99,64904.91,64060.0,64412.19,6974.9316
2024-06-18 20:00:00,64412.18,65305.0,64178.1,65175.32,4865.80922
2024-06-19 00:00:00,65175.32,65603.91,64810.62,65404.0,5262.16662
2024-06-19 04:00:00,65404.0,65727.54,65158.05,65326.89,3599.20908
2024-06-19 08:00:00,65326.89,65544.0,65000.0,65210.0,3851.72512
2024-06-19 12:00:00,65210.0,65310.02,64756.28,64922.0,3230.69752
2024-06-19 16:00:00,64921.99,65284.37,64791.76,64882.01,2587.30051
2024-06-19 20:00:00,64882.02,65087.76,64666.0,64974.37,1529.69691
2024-06-20 00:00:00,64974.37,65407.4,64818.72,65189.99,2764.12678
2024-06-20 04:00:00,65190.0,65967.39,65070.91,65858.84,3218.48909
2024-06-20 08:00:00,65858.84,66482.94,65559.45,66169.85,3716.69714
2024-06-20 12:00:00,66169.86,66300.5,64658.06,64831.23,7331.76705
2024-06-20 16:00:00,64831.24,65217.21,64559.15,65050.0,5208.45123
2024-06-20 20:00:00,65049.99,65200.11,64848.7,64869.99,2025.75902
2024-06-21 00:00:00,64869.99,65066.66,64345.0,64506.14,3151.09938
2024-06-21 04:00:00,64506.15,64739.09,64190.76,64201.63,3017.09525
2024-06-21 08:00:00,64201.63,64372.15,63522.75,63770.0,6116.25686
2024-06-21 12:00:00,63770.01,64360.0,63379.35,63732.02,7918.52722
2024-06-21 16:00:00,63732.02,64264.95,63465.17,64232.01,4035.76865
2024-06-21 20:00:00,64232.01,64460.14,63828.09,64143.56,1754.81706
2024-06-22 00:00:00,64143.56,64342.54,63943.82,64327.45,1615.03389
2024-06-22 04:00:00,64327.46,64540.26,64253.07,64520.0,2121.70614
2024-06-22 08:00:00,64519.99,64546.81,64214.43,64265.26,1376.34835
2024-06-22 12:00:00,64265.27,64397.82,64246.52,64307.08,930.39133
2024-06-22 16:00:00,64307.09,64362.0,64218.5,64295.01,729.0975
2024-06-22 20:00:00,64295.01,64330.0,64246.01,64262.01,536.37821
2024-06-23 00:00:00,64262.01,64521.0,64262.0,64416.14,1222.9115
2024-06-23 04:00:00,64416.14,64433.03,64349.49,64415.27,526.41413
2024-06-23 08:00:00,64415.27,64437.28,64252.85,64341.45,945.7319
2024-06-23 12:00:00,64341.46,64429.1,64049.41,64094.0,1383.12991
2024-06-23 16:00:00,64094.01,64187.62,63918.58,64149.78,1430.37834
2024-06-23 20:00:00,64149.78,64159.0,63178.32,63210.01,2715.88869
2024-06-24 00:00:00,63210.01,63369.8,62695.02,62862.0,4626.61921
2024-06-24 04:00:00,62862.0,62952.0,62160.72,62456.0,5068.08372
2024-06-24 08:00:00,62456.0,62975.6,60567.01,61291.95,12136.79401
2024-06-24 12:00:00,61291.95,61700.0,60670.36,60843.99,5796.95477
2024-06-24 16:00:00,60843.99,61044.44,59058.0,59306.72,16409.89475
2024-06-24 20:00:00,59306.72,60442.71,58402.0,60293.3,8123.00768
2024-06-25 00:00:00,60293.3,61598.87,60257.06,61302.59,4817.65654
2024-06-25 04:00:00,61302.59,61420.0,60624.63,60685.16,4078.38689
2024-06-25 08:00:00,60685.16,61583.18,60668.01,61187.64,4679.07209
2024-06-25 12:00:00,61187.64,62134.0,60953.23,61810.0,8735.80046
2024-06-25 16:00:00,61810.0,62420.0,61135.37,61975.46,6527.99194
2024-06-25 20:00:00,61975.46,62162.49,61664.0,61806.01,2350.33569
2024-06-26 00:00:00,61806.01,62487.81,61643.48,61936.07,3538.82122
2024-06-26 04:00:00,61936.07,61990.0,61520.0,61720.02,3492.11682
2024-06-26 08:00:00,61720.02,61754.6,61149.64,61445.26,3493.404
2024-06-26 12:00:00,61445.26,61980.0,61182.8,61467.86,4713.90642
2024-06-26 16:00:00,61467.85,61547.02,60715.3,61000.01,5015.68985
2024-06-26 20:00:00,61000.01,61155.66,60712.0,60864.99,2231.72632
2024-06-27 00:00:00,60864.98,61300.0,60764.73,61037.31,2391.00432
2024-06-27 04:00:00,61037.31,61192.0,60606.63,60794.01,2714.73648
2024-06-27 08:00:00,60794.01,61455.15,60736.62,61196.02,2628.05752
2024-06-27 12:00:00,61196.01,62389.22,61154.6,61576.0,6247.05892
2024-06-27 16:00:00,61576.0,62015.52,61411.7,61450.0,2557.37367
2024-06-27 20:00:00,61450.0,61719.92,61338.56,61706.47,1806.0554
2024-06-28 00:00:00,61706.46,62225.31,61472.37,61828.17,3950.34413
2024-06-28 04:00:00,61828.17,61834.41,61236.0,61350.01,2679.62058
2024-06-28 08:00:00,61350.01,61792.34,61212.11,61690.0,3397.52649
2024-06-28 12:00:00,61690.0,61875.0,60751.0,61062.01,7645.83227
2024-06-28 16:00:00,61062.0,61119.58,60079.41,60123.73,5131.47495
2024-06-28 20:00:00,60123.73,60450.0,60063.0,60427.84,2016.39413
2024-06-29 00:00:00,60427.84,61009.29,60383.77,60762.0,3105.17344
2024-06-29 04:00:00,60762.0,61146.64,60704.46,61052.3,1662.89798
2024-06-29 08:00:00,61052.3,61224.0,60890.03,61102.33,2290.41854
2024-06-29 12:00:00,61102.33,61182.7,60949.67,61106.0,1996.83297
2024-06-29 16:00:00,61106.0,61124.0,60915.12,61057.39,1250.42383
2024-06-29 20:00:00,61057.38,61090.0,60839.51,60986.68,1203.81228
2024-06-30 00:00:00,60986.68,61078.01,60740.94,60898.32,1806.11748
2024-06-30 04:00:00,60898.32,61782.0,60712.21,61528.01,3143.78973
2024-06-30 08:00:00,61528.01,61713.65,61393.07,61560.0,2353.60654
2024-06-30 12:00:00,61560.0,61860.0,61346.0,61717.9,2664.88075
2024-06-30 16:00:00,61717.9,62109.81,61590.01,62026.83,2493.15916
2024-06-30 20:00:00,62026.83,63058.76,61835.2,62772.01,4864.7477
2024-07-01 00:00:00,62772.01,63818.33,62573.32,63437.69,6859.32328
2024-07-01 04:00:00,63437.69,63466.92,63223.2,63277.84,1948.86897
2024-07-01 08:00:00,63277.84,63314.99,62593.07,62662.09,3745.11478
2024-07-01 12:00:00,62662.09,63166.11,62497.2,63132.9,4514.7061
2024-07-01 16:00:00,63132.9,63861.76,62966.77,63226.78,5479.95754
2024-07-01 20:00:00,63226.78,63423.48,62804.6,62899.99,1999.13471
2024-07-02 00:00:00,62900.0,63288.83,62787.42,63138.67,1678.91798
2024-07-02 04:00:00,63138.68,63245.8,62580.0,62629.99,2518.53154
2024-07-02 08:00:00,62630.0,62866.2,62401.23,62832.01,4139.03014
2024-07-02 12:00:00,62832.01,63152.0,61823.74,61948.08,5966.58949
2024-07-02 16:00:00,61948.08,62368.81,61806.28,61939.1,2841.63377
2024-07-02 20:00:00,61939.1,62181.24,61875.55,62135.47,1428.41583
2024-07-03 00:00:00,62135.46,62285.94,60600.0,60987.99,5145.57685
2024-07-03 04:00:00,60988.0,61181.84,60816.0,60870.01,2356.603
2024-07-03 08:00:00,60870.01,60978.19,59600.0,60386.01,8846.07874
2024-07-03 12:00:00,60386.01,60740.2,59752.29,60186.25,7199.97498
2024-07-03 16:00:00,60186.25,60655.56,59666.0,59671.1,4933.93774
2024-07-03 20:00:00,59671.11,60374.82,59400.0,60208.58,3677.93996
2024-07-04 00:00:00,60208.57,60498.19,57800.01,59102.0,13491.78125
2024-07-04 04:00:00,59102.0,59150.0,58104.0,58219.99,4995.15301
2024-07-04 08:00:00,58219.99,58506.18,56952.0,57761.94,13240.07067
2024-07-04 12:00:00,57761.95,58350.19,56771.0,58140.0,12117.63525
2024-07-04 16:00:00,58140.0,58676.24,57752.27,58283.62,5009.28193
2024-07-04 20:00:00,58283.62,58813.13,56866.0,57050.01,5714.85065
2024-07-05 00:00:00,57050.02,57546.0,55000.0,55227.99,18842.91117
2024-07-05 04:00:00,55228.0,55356.42,53485.93,54415.05,18348.50944
2024-07-05 08:00:00,54415.04,55650.0,53900.0,55486.5,14058.05864
2024-07-05 12:00:00,55486.51,56678.19,54828.52,56662.0,16600.37842
2024-07-05 16:00:00,56662.99,57040.02,55779.33,56465.42,10590.10229
2024-07-05 20:00:00,56465.41,56866.0,56315.0,56628.79,2908.2876
2024-07-06 00:00:00,56628.79,56998.0,56170.5,56410.0,4430.41318
2024-07-06 04:00:00,56409.99,56683.9,56018.0,56606.0,3090.15552
2024-07-06 08:00:00,56606.0,56876.33,56436.78,56731.42,2361.38025
2024-07-06 12:00:00,56731.42,57441.1,56500.0,57317.98,4879.13871
2024-07-06 16:00:00,57317.99,58113.0,57185.76,57857.99,4272.51181
2024-07-06 20:00:00,57857.99,58475.0,57806.92,58230.13,2617.71611
2024-07-07 00:00:00,58230.13,58449.46,57838.0,57963.45,3130.97845
2024-07-07 04:00:00,57963.46,58007.87,57073.36,57369.99,3555.09321
2024-07-07 08:00:00,57369.99,57911.71,57350.94,57460.0,2240.99923
2024-07-07 12:00:00,57460.0,57631.02,56563.46,56825.42,4001.28632
2024-07-07 16:00:00,56825.42,57392.0,56755.55,57151.1,1983.16539
2024-07-07 20:00:00,57151.1,57319.1,55724.37,55857.81,4207.41658
2024-07-08 00:00:00,55857.81,56023.07,54260.16,55160.01,11551.58728
2024-07-08 04:00:00,55160.0,55900.0,54963.62,55852.01,4404.65688
2024-07-08 08:00:00,55852.0,58236.73,55741.11,57154.01,11849.7342
2024-07-08 12:00:00,57154.01,57621.1,54800.0,55761.52,12916.02666
2024-07-08 16:00:00,55761.52,56574.99,55425.74,56477.31,4703.86519
2024-07-08 20:00:00,56477.3,56971.94,56200.0,56714.62,2664.33469
2024-07-09 00:00:00,56714.61,57362.66,56289.45,57168.36,4128.26169
2024-07-09 04:00:00,57168.36,57754.0,57011.5,57116.84,4342.95753
2024-07-09 08:00:00,57116.84,57900.0,57024.01,57428.01,3810.42794
2024-07-09 12:00:00,57428.01,58131.09,56903.0,57477.01,8788.77381
2024-07-09 16:00:00,57477.0,58296.0,57362.08,57862.01,4164.8292
2024-07-09 20:00:00,57862.01,58260.0,57704.3,58050.0,2496.95771
2024-07-10 00:00:00,58050.0,58208.0,57309.09,58180.01,2762.2326
2024-07-10 04:00:00,58180.0,59470.0,58180.0,58977.99,6066.4939
2024-07-10 08:00:00,58977.99,59032.82,58311.66,58492.0,4042.42633
2024-07-10 12:00:00,58492.0,58550.0,57471.12,57699.69,6905.27165
2024-07-10 16:00:00,57699.69,58019.89,57353.84,57392.03,3000.7172
2024-07-10 20:00:00,57392.03,57879.58,57157.79,57725.85,2174.59631
2024-07-11 00:00:00,57725.85,58407.05,57050.0,57568.0,4166.29718
2024-07-11 04:00:00,57568.0,58300.0,57488.28,58191.5,3450.47132
2024-07-11 08:00:00,58191.5,58936.52,58052.0,58777.99,4104.41357
2024-07-11 12:00:00,58777.99,59650.0,57266.58,57402.01,12045.90104
2024-07-11 16:00:00,57402.01,58000.61,57178.0,57378.01,3674.1921
2024-07-11 20:00:00,57378.0,57636.0,57150.0,57339.89,2319.78214
2024-07-12 00:00:00,57339.89,57571.86,56542.47,56914.01,3755.44316
2024-07-12 04:00:00,56914.01,57416.13,56716.68,57106.94,2909.38206
2024-07-12 08:00:00,57106.95,57334.32,56767.05,57203.54,3142.52354
2024-07-12 12:00:00,57203.54,58278.0,57000.0,58214.0,6704.3943
2024-07-12 16:00:00,58213.99,58526.68,57500.0,57576.01,4912.50519
2024-07-12 20:00:00,57576.01,57906.1,57150.06,57889.1,2228.20865
2024-07-13 00:00:00,57889.09,57991.5,57762.39,57814.0,1446.83324
2024-07-13 04:00:00,57814.0,58216.08,57756.63,58170.32,1632.17504
2024-07-13 08:00:00,58170.33,58854.98,57900.57,58534.0,3065.17976
2024-07-13 12:00:00,58534.0,58899.46,58434.38,58830.63,2936.67433
2024-07-13 16:00:00,58830.62,58964.89,58572.98,58624.38,1692.04143
2024-07-13 20:00:00,58624.38,59850.0,58288.19,59204.02,4584.84139
2024-07-14 00:00:00,59204.01,59838.0,59194.01,59466.15,3229.454
2024-07-14 04:00:00,59466.16,60324.61,59418.68,60062.01,4786.53502
2024-07-14 08:00:00,60062.01,60400.0,59904.0,60099.1,2939.8847
2024-07-14 12:00:00,60099.1,60236.13,59466.67,60084.0,3186.29928
2024-07-14 16:00:00,60084.0,60184.99,59894.16,59915.99,1320.94796
2024-07-14 20:00:00,59916.0,61420.69,59880.0,60797.91,5715.21811
2024-07-15 00:00:00,60797.91,62796.01,60632.3,62647.87,8302.39428
2024-07-15 04:00:00,62647.87,63084.0,62433.01,62840.12,4843.17921
2024-07-15 08:00:00,62840.12,63243.71,62290.0,62454.0,4225.17162
2024-07-15 12:00:00,62454.0,63328.0,62444.67,63026.0,6566.03185
2024-07-15 16:00:00,63026.01,63820.15,62852.0,63342.0,8649.43196
2024-07-15 20:00:00,63342.0,64900.0,63251.65,64724.14,6104.76928
2024-07-16 00:00:00,64724.06,64955.49,64436.2,64752.14,4459.14074
2024-07-16 04:00:00,64752.14,64993.95,62721.79,62895.01,9913.30874
2024-07-16 08:00:00,62895.01,63872.2,62373.24,63746.11,6280.01898
2024-07-16 12:00:00,63746.11,64960.86,63063.83,64878.24,8930.8138
2024-07-16 16:00:00,64878.24,65200.0,64111.56,65165.43,7931.24617
2024-07-16 20:00:00,65165.42,65388.97,64115.0,65043.99,5016.00072
2024-07-17 00:00:00,65044.0,66128.63,64932.31,65701.66,5877.77737
2024-07-17 04:00:00,65701.66,65993.14,65198.62,65258.0,4387.02514
2024-07-17 08:00:00,65258.01,65500.0,64560.0,64723.73,4608.68913
2024-07-17 12:00:00,64723.73,65400.0,64537.41,64724.01,6216.23738
2024-07-17 16:00:00,64724.01,64766.99,63854.0,64585.78,5893.07209
2024-07-17 20:00:00,64585.78,64672.89,64058.0,64087.99,2584.72843
2024-07-18 00:00:00,64087.99,65133.3,63910.0,64865.08,4071.27925
2024-07-18 04:00:00,64865.09,65061.5,64402.35,64668.0,2950.56928
2024-07-18 08:00:00,64668.0,64950.0,64441.94,64758.0,2394.45662
2024-07-18 12:00:00,64758.0,65111.29,63400.0,63538.12,6967.85898
2024-07-18 16:00:00,63538.12,63958.51,63238.48,63555.0,4155.67605
2024-07-18 20:00:00,63555.0,64122.43,63438.21,63987.92,2028.88232
2024-07-19 00:00:00,63987.92,64368.62,63300.67,64325.0,3161.96417
2024-07-19 04:00:00,64324.99,64486.0,63600.0,63694.01,4022.16332
2024-07-19 08:00:00,63694.01,64182.77,63409.01,64116.0,3490.01318
2024-07-19 12:00:00,64115.99,65888.0,64005.57,65836.77,10348.62908
2024-07-19 16:00:00,65836.76,67386.0,65827.62,67157.26,11099.18996
2024-07-19 20:00:00,67157.25,67352.44,66616.19,66660.0,3512.76768
2024-07-20 00:00:00,66660.01,66822.22,66222.46,66602.01,2794.0079
2024-07-20 04:00:00,66602.0,66775.11,66436.0,66562.28,1871.55513
2024-07-20 08:00:00,66562.27,66733.09,66458.83,66483.69,1353.5524
2024-07-20 12:00:00,66483.69,66832.0,66273.62,66825.0,1565.74689
2024-07-20 16:00:00,66824.99,67598.0,66679.01,67224.0,4139.41482
2024-07-20 20:00:00,67224.0,67430.01,66790.9,67139.96,2662.6472
2024-07-21 00:00:00,67139.97,67436.22,66962.0,67171.33,1473.02827
2024-07-21 04:00:00,67171.33,67220.52,66592.1,66701.99,1958.03031
2024-07-21 08:00:00,66702.0,67062.77,66680.0,66879.99,1335.82107
2024-07-21 12:00:00,66879.99,67499.99,66616.0,67164.0,2766.07202
2024-07-21 16:00:00,67164.0,67713.0,65777.0,67422.02,9311.54907
2024-07-21 20:00:00,67422.03,68366.66,67274.69,68165.34,4974.61117
2024-07-22 00:00:00,68165.35,68474.55,67753.72,67880.01,2930.46409
2024-07-22 04:00:00,67880.01,67996.01,67122.22,67236.0,2950.64733
2024-07-22 08:00:00,67236.01,67599.0,66944.1,67516.01,2471.17079
2024-07-22 12:00:00,67516.01,67952.39,66559.97,67063.87,5487.87343
2024-07-22 16:00:00,67063.87,68250.0,66798.36,68232.07,3909.8301
2024-07-22 20:00:00,68232.08,68256.0,67224.11,67532.01,3701.05729
2024-07-23 00:00:00,67532.0,67750.98,67183.98,67473.99,2359.78706
2024-07-23 04:00:00,67473.98,67526.01,66256.39,66576.0,5421.15607
2024-07-23 08:00:00,66576.0,67166.01,66454.0,66676.01,4791.70581
2024-07-23 12:00:00,66676.0,67349.03,65962.0,66584.01,8657.6177
2024-07-23 16:00:00,66584.01,66780.01,65441.08,65536.01,6601.90145
2024-07-23 20:00:00,65536.0,66054.0,65472.54,65936.01,3573.98507
2024-07-24 00:00:00,65936.0,66146.01,65476.84,66052.71,2432.59154
2024-07-24 04:00:00,66052.71,66080.01,65610.0,66078.0,2427.93275
2024-07-24 08:00:00,66078.0,66600.0,66008.0,66367.99,3288.02602
2024-07-24 12:00:00,66368.0,67102.01,66093.99,66176.0,5901.95291
2024-07-24 16:00:00,66176.0,66709.55,65558.89,65652.0,5503.70728
2024-07-24 20:00:00,65652.01,66066.66,65111.0,65376.0,3528.35227
2024-07-25 00:00:00,65376.01,65620.0,63861.0,64093.59,9391.42907
2024-07-25 04:00:00,64093.58,64390.0,63800.0,64134.0,3961.34648
2024-07-25 08:00:00,64134.0,64480.0,63878.0,64096.0,4126.90854
2024-07-25 12:00:00,64096.01,65005.0,63456.7,64790.88,7825.83383
2024-07-25 16:00:00,64790.89,65187.82,64388.46,64692.01,5638.02977
2024-07-25 20:00:00,64692.01,66175.49,64425.0,65799.95,4182.88165
2024-07-26 00:00:00,65799.95,67480.0,65722.63,67042.01,5791.72468
2024-07-26 04:00:00,67042.0,67190.0,66870.82,66890.56,3400.66108
2024-07-26 08:00:00,66890.56,67498.0,66890.56,67322.0,3011.50616
2024-07-26 12:00:00,67321.99,68000.0,66892.0,67560.01,6230.76783
2024-07-26 16:00:00,67560.0,68144.01,67303.07,67990.0,3294.11637
2024-07-26 20:00:00,67990.0,68200.0,67413.5,67907.99,2515.58411
2024-07-27 00:00:00,67908.0,68081.57,67630.0,67798.0,1546.232
2024-07-27 04:00:00,67797.99,68295.39,67782.73,68036.68,1915.58616
2024-07-27 08:00:00,68036.68,68275.64,67892.24,68209.88,1834.00547
2024-07-27 12:00:00,68209.88,69399.99,68195.43,68844.0,6195.41252
2024-07-27 16:00:00,68844.0,68990.03,67658.68,68246.0,5271.56991
2024-07-27 20:00:00,68246.0,69182.94,66650.0,67896.5,14947.41315
2024-07-28 00:00:00,67896.49,68285.43,67260.54,67940.95,2215.70821
2024-07-28 04:00:00,67940.94,68024.18,67066.66,67560.86,2398.3193
2024-07-28 08:00:00,67560.86,68000.0,67220.0,67836.0,1770.93628
2024-07-28 12:00:00,67836.01,68123.32,67577.63,67645.0,1768.83501
2024-07-28 16:00:00,67645.0,68318.43,67624.0,68112.0,1510.5162
2024-07-28 20:00:00,68112.0,68277.83,67801.62,68249.88,1204.37894
2024-07-29 00:00:00,68249.88,69800.0,68168.0,69347.67,5973.42365
2024-07-29 04:00:00,69347.66,69888.0,69263.07,69528.01,4146.35577
2024-07-29 08:00:00,69528.01,69838.62,69375.0,69580.01,3013.88754
2024-07-29 12:00:00,69580.01,70079.99,67668.34,68104.0,11386.58792
2024-07-29 16:00:00,68103.99,68118.0,66428.0,67303.05,9083.51955
2024-07-29 20:00:00,67303.05,67553.66,66600.0,66784.69,2863.5219
2024-07-30 00:00:00,66784.68,66886.0,65862.0,66610.0,5989.73926
2024-07-30 04:00:00,66610.0,67000.0,66322.49,66952.0,2496.27288
2024-07-30 08:00:00,66952.0,66999.92,66404.53,66574.01,2327.27576
2024-07-30 12:00:00,66574.0,66948.0,65555.0,66216.01,6086.17893
2024-07-30 16:00:00,66216.01,66550.01,65556.56,65931.02,3450.64877
2024-07-30 20:00:00,65931.03,66356.89,65302.67,66188.0,2782.13881
2024-07-31 00:00:00,66188.0,66413.28,65881.96,66058.0,1725.24015
2024-07-31 04:00:00,66058.0,66554.4,65496.0,66224.0,3376.79106
2024-07-31 08:00:00,66224.0,66374.01,65954.54,66094.01,1829.74564
2024-07-31 12:00:00,66094.01,66849.24,65963.25,66379.99,4367.38069
2024-07-31 16:00:00,66379.99,66836.3,64957.14,65256.83,6409.37317
2024-07-31 20:00:00,65256.83,65422.0,64530.0,64628.0,4916.90834
2024-08-01 00:00:00,64628.01,64841.29,63750.0,63936.01,5768.43332
2024-08-01 04:00:00,63936.01,64488.0,63584.0,64328.59,4107.52186
2024-08-01 08:00:00,64328.6,64701.41,64299.87,64674.25,2655.04695
2024-08-01 12:00:00,64674.26,64949.58,62666.07,62906.6,8006.54547
2024-08-01 16:00:00,62907.44,63509.83,62302.0,63422.01,8541.89631
2024-08-01 20:00:00,63422.01,65659.78,63336.61,65354.02,6462.82463
2024-08-02 00:00:00,65354.02,65596.14,63668.0,64609.18,4163.15932
2024-08-02 04:00:00,64609.17,64655.17,63807.29,64164.07,3823.07721
2024-08-02 08:00:00,64164.07,64974.0,64044.0,64660.01,3302.57023
2024-08-02 12:00:00,64660.01,65524.01,62432.9,63416.01,14382.81934
2024-08-02 16:00:00,63416.0,63611.24,62515.0,62633.57,5054.98681
2024-08-02 20:00:00,62633.58,63187.26,61230.01,61498.33,8093.81646
2024-08-03 00:00:00,61498.34,61975.0,60505.0,61895.99,7057.47647
2024-08-03 04:00:00,61895.99,61981.43,61398.01,61662.01,2027.63322
2024-08-03 08:00:00,61662.02,62002.39,61457.89,61919.38,1996.26325
2024-08-03 12:00:00,61919.38,62198.22,60833.33,60879.0,3681.34999
2024-08-03 16:00:00,60879.01,61288.0,59920.0,60246.0,9231.05335
2024-08-03 20:00:00,60246.01,60849.93,59850.0,60697.99,4040.93939
2024-08-04 00:00:00,60697.99,61117.63,60320.0,60735.0,2502.72642
2024-08-04 04:00:00,60735.0,60938.54,60260.0,60373.99,1972.26761
2024-08-04 08:00:00,60374.0,61000.0,60081.57,60896.0,2180.15909
2024-08-04 12:00:00,60896.0,61097.55,58960.0,59086.01,7395.68169
2024-08-04 16:00:00,59086.01,59497.21,57122.77,59257.66,12940.59003
2024-08-04 20:00:00,59257.67,59583.0,58001.81,58161.0,4625.09519
2024-08-05 00:00:00,58161.0,58305.59,52300.17,53890.87,36136.4623
2024-08-05 04:00:00,53890.87,54576.71,49000.0,52674.19,43384.9307
2024-08-05 08:00:00,52674.2,53218.37,50633.47,51340.0,19223.46997
2024-08-05 12:00:00,51340.0,54980.0,49542.83,54321.09,39760.49257
2024-08-05 16:00:00,54321.08,55600.0,52555.0,53470.09,16277.76056
2024-08-05 20:00:00,53470.08,55200.0,53462.0,54018.81,7282.47576
2024-08-06 00:00:00,54018.82,56276.0,53950.0,55665.73,10506.64519
2024-08-06 04:00:00,55665.73,56169.48,55255.0,55999.99,7730.59021
2024-08-06 08:00:00,55998.02,56122.0,54600.01,55210.01,9386.98945
2024-08-06 12:00:00,55210.0,56605.55,54371.94,56405.99,13732.96595
2024-08-06 16:00:00,56405.99,57040.99,56234.8,56765.48,8827.28343
2024-08-06 20:00:00,56769.98,56935.56,55800.0,56022.01,5700.30253
2024-08-07 00:00:00,56022.0,57287.99,55557.88,56862.0,6756.5481
2024-08-07 04:00:00,56862.01,57250.0,56544.7,56920.91,5447.23988
2024-08-07 08:00:00,56920.91,57736.05,56870.39,56963.38,6601.32871
2024-08-07 12:00:00,56963.39,57479.6,55650.0,56094.5,10005.68143
2024-08-07 16:00:00,56094.51,56300.0,54676.35,54759.22,9406.48722
2024-08-07 20:00:00,54760.97,55566.24,54558.62,55134.16,6052.0915
2024-08-08 00:00:00,55133.76,57636.36,54730.0,57049.74,8647.80188
2024-08-08 04:00:00,57049.74,57434.35,56670.47,57193.49,3670.90212
2024-08-08 08:00:00,57193.48,57670.04,56978.52,57320.51,3688.92815
2024-08-08 12:00:00,57320.51,59505.0,56700.0,59428.03,14315.42395
2024-08-08 16:00:00,59428.03,59863.0,59237.59,59414.51,6749.57668
2024-08-08 20:00:00,59414.52,62745.14,59297.34,61685.99,11276.89671
2024-08-09 00:00:00,61686.0,61744.37,60720.0,61358.39,5373.57013
2024-08-09 04:00:00,61358.39,61390.7,60588.63,60863.57,4475.52913
2024-08-09 08:00:00,60863.58,61210.31,60170.16,60655.24,4238.45087
2024-08-09 12:00:00,60655.25,61115.11,59535.0,59810.23,8756.37366
2024-08-09 16:00:00,59810.24,60750.0,59700.0,60681.42,3794.60746
2024-08-09 20:00:00,60681.79,60986.03,59909.16,60837.99,4333.94892
2024-08-10 00:00:00,60837.99,61470.58,60266.03,60437.84,2866.07526
2024-08-10 04:00:00,60437.85,60851.91,60242.0,60842.0,1152.48879
2024-08-10 08:00:00,60842.01,61116.65,60601.96,60920.88,1618.24524
2024-08-10 12:00:00,60920.88,60949.99,60400.0,60515.89,1529.47703
2024-08-10 16:00:00,60515.9,61196.63,60400.0,61016.45,1789.44845
2024-08-10 20:00:00,61016.44,61160.0,60757.39,60923.51,1039.47144
2024-08-11 00:00:00,60923.51,61382.73,60892.0,61085.01,1397.39336
2024-08-11 04:00:00,61085.01,61271.43,60881.36,61257.0,1213.74092
2024-08-11 08:00:00,61257.0,61858.0,60425.0,60669.15,3535.80151
2024-08-11 12:00:00,60669.14,60761.09,59941.0,60127.29,4006.7116
2024-08-11 16:00:00,60127.29,60350.0,59542.57,59621.11,2598.58022
2024-08-11 20:00:00,59621.11,59674.38,58286.73,58712.59,6437.61751
2024-08-12 00:00:00,58712.59,59088.33,58100.06,58509.5,4095.99147
2024-08-12 04:00:00,58509.5,58984.85,57642.21,58674.61,4501.23624
2024-08-12 08:00:00,58674.62,59990.0,58125.75,59851.7,6603.96568
2024-08-12 12:00:00,59851.71,60711.09,57800.0,60207.37,12079.0591
2024-08-12 16:00:00,60207.38,60420.34,58440.54,59043.98,5640.99625
2024-08-12 20:00:00,59043.99,59745.99,58555.26,59346.64,4088.66869
2024-08-13 00:00:00,59346.64,59923.28,58846.95,59040.0,4305.36618
2024-08-13 04:00:00,59040.0,59476.0,58830.23,59238.05,2580.7308
2024-08-13 08:00:00,59238.05,59331.99,58392.88,58830.0,3375.9081
2024-08-13 12:00:00,58830.01,59776.7,58709.57,59472.26,5686.11926
2024-08-13 16:00:00,59472.25,61578.1,59446.22,60820.15,9342.46623
2024-08-13 20:00:00,60820.16,61138.87,60389.75,60587.15,2568.36794
2024-08-14 00:00:00,60587.16,61302.88,60425.01,60952.83,2371.7811
2024-08-14 04:00:00,60952.83,61162.2,60637.3,60914.02,1820.0908
2024-08-14 08:00:00,60914.02,61453.0,60640.4,61296.87,3475.66893
2024-08-14 12:00:00,61296.88,61800.0,58823.52,59435.69,13499.00032
2024-08-14 16:00:00,59435.69,59462.61,58615.06,58891.13,4924.68347
2024-08-14 20:00:00,58891.13,59183.99,58433.18,58683.39,2331.53864
2024-08-15 00:00:00,58683.39,59044.44,58010.0,58442.98,5000.29248
2024-08-15 04:00:00,58442.99,58639.0,57713.88,58060.37,4142.71713
2024-08-15 08:00:00,58060.36,58872.85,57964.85,58745.36,3345.64247
2024-08-15 12:00:00,58745.36,59787.37,58532.42,59682.84,7723.07742
2024-08-15 16:00:00,59682.85,59849.38,56680.0,57047.46,10434.70512
2024-08-15 20:00:00,57046.34,57885.0,56078.54,57541.06,7039.7416
2024-08-16 00:00:00,57541.05,58517.47,57098.62,57890.0,4146.62428
2024-08-16 04:00:00,57890.0,58666.77,57800.47,58456.99,3244.35689
2024-08-16 08:00:00,58456.99,58683.47,58218.71,58400.0,2450.75569
2024-08-16 12:00:00,58400.0,58915.18,57526.31,58071.06,8248.43744
2024-08-16 16:00:00,58071.07,59817.76,58000.0,59683.39,6963.94372
2024-08-16 20:00:00,59683.39,59715.69,58703.99,58874.6,2556.72542
2024-08-17 00:00:00,58874.59,59389.18,58785.05,59158.37,1769.95814
2024-08-17 04:00:00,59158.36,59263.47,59051.98,59248.0,1106.84453
2024-08-17 08:00:00,59248.0,59477.16,59060.0,59137.12,1327.01136
2024-08-17 12:00:00,59137.12,59654.9,59100.28,59388.11,1490.86412
2024-08-17 16:00:00,59388.11,59700.0,59294.31,59473.19,1157.01055
2024-08-17 20:00:00,59473.19,59500.0,59113.68,59491.99,870.04061
2024-08-18 00:00:00,59491.99,60259.01,59300.0,59337.42,2850.6571
2024-08-18 04:00:00,59337.41,59698.0,59256.56,59573.39,1521.38536
2024-08-18 08:00:00,59573.39,60200.0,59436.0,60024.01,2556.86768
2024-08-18 12:00:00,60024.0,60284.99,59669.85,59863.99,2229.08779
2024-08-18 16:00:00,59863.99,59945.83,59377.14,59708.38,1411.05054
2024-08-18 20:00:00,59708.38,59869.77,58408.92,58427.35,3065.8087
2024-08-19 00:00:00,58427.35,58763.83,58210.03,58736.85,4986.95947
2024-08-19 04:00:00,58736.85,58746.0,58359.5,58502.19,2077.63203
2024-08-19 08:00:00,58502.19,58671.38,57787.3,58396.95,4744.05742
2024-08-19 12:00:00,58396.94,58970.0,58029.77,58539.24,4628.31977
2024-08-19 16:00:00,58539.25,59290.0,58380.0,58967.53,3169.47813
2024-08-19 20:00:00,58967.54,59617.63,58914.0,59438.5,3202.86569
2024-08-20 00:00:00,59438.5,60910.55,59363.31,60619.18,6392.34637
2024-08-20 04:00:00,60619.19,61400.0,60576.06,60924.33,5275.93633
2024-08-20 08:00:00,60924.33,60975.0,60401.9,60518.82,3208.7774
2024-08-20 12:00:00,60518.83,60955.99,58680.01,58825.53,10444.8448
2024-08-20 16:00:00,58825.53,59597.28,58548.23,59511.99,3678.04238
2024-08-20 20:00:00,59512.0,59722.72,58802.35,59013.8,2477.4982
2024-08-21 00:00:00,59013.8,59519.99,58783.47,59320.0,2364.50372
2024-08-21 04:00:00,59320.0,59739.52,59183.13,59712.0,2017.26415
2024-08-21 08:00:00,59711.99,59924.13,59085.88,59361.14,2931.20089
2024-08-21 12:00:00,59361.14,60201.98,58850.0,59511.8,8008.24548
2024-08-21 16:00:00,59511.79,61625.2,59375.0,61570.0,7137.29601
2024-08-21 20:00:00,61570.0,61820.93,60902.13,61156.03,5525.13195
2024-08-22 00:00:00,61156.03,61229.0,59724.87,60548.9,4109.54112
2024-08-22 04:00:00,60548.9,61114.23,60459.98,60984.31,2676.87579
2024-08-22 08:00:00,60984.31,61400.0,60802.38,61336.09,3099.60131
2024-08-22 12:00:00,61336.09,61398.18,60100.0,60407.4,6849.31563
2024-08-22 16:00:00,60407.39,60600.2,60131.0,60308.0,2663.66757
2024-08-22 20:00:00,60307.99,60707.88,60288.0,60375.84,1842.20446
2024-08-23 00:00:00,60375.83,60968.24,60342.14,60593.31,2184.3747
2024-08-23 04:00:00,60593.31,61367.74,60582.68,61069.27,2937.25078
2024-08-23 08:00:00,61069.26,61337.57,60691.11,60741.68,2313.52775
2024-08-23 12:00:00,60741.68,62320.36,60741.68,61533.05,11626.90263
2024-08-23 16:00:00,61533.04,63819.16,61349.99,63628.84,11503.37
2024-08-23 20:00:00,63628.84,64955.0,63484.18,64037.24,7552.64503
2024-08-24 00:00:00,64037.24,64206.7,63626.58,63832.01,3091.41323
2024-08-24 04:00:00,63832.0,64332.0,63822.0,64315.0,2843.18939
2024-08-24 08:00:00,64315.0,64494.5,63868.0,63905.01,2357.89821
2024-08-24 12:00:00,63905.0,64244.0,63872.0,63976.0,2293.96419
2024-08-24 16:00:00,63976.0,64444.0,63903.58,64210.6,2874.78934
2024-08-24 20:00:00,64210.6,64328.0,63531.0,64157.01,2395.9018
2024-08-25 00:00:00,64157.02,64507.04,64000.0,64101.01,2623.24737
2024-08-25 04:00:00,64101.01,64196.0,63785.76,63868.26,1645.44133
2024-08-25 08:00:00,63868.27,64010.0,63773.27,63873.91,1728.68012
2024-08-25 12:00:00,63873.92,64288.0,63805.0,64132.16,1834.2167
2024-08-25 16:00:00,64132.17,64248.66,64000.0,64187.41,1118.62168
2024-08-25 20:00:00,64187.42,65000.0,64122.49,64220.0,3355.27257
2024-08-26 00:00:00,64219.99,64481.0,63790.0,64114.99,2477.44562
2024-08-26 04:00:00,64115.0,64205.31,63420.0,63627.01,2772.63585
2024-08-26 08:00:00,63627.01,64039.2,63220.95,63859.0,2882.34645
2024-08-26 12:00:00,63859.0,63958.95,63061.0,63532.53,4958.27097
2024-08-26 16:00:00,63532.54,63878.78,63192.04,63342.99,3487.08919
2024-08-26 20:00:00,63342.99,63557.58,62800.0,62834.0,2892.26468
2024-08-27 00:00:00,62834.0,63212.0,62657.0,62970.0,3568.52133
2024-08-27 04:00:00,62970.0,63200.0,62701.06,62902.31,3113.00318
2024-08-27 08:00:00,62902.32,63000.0,62230.0,62417.0,4189.56881
2024-08-27 12:00:00,62416.99,62495.0,61473.03,61709.13,8258.16317
2024-08-27 16:00:00,61709.13,62196.75,61518.74,62102.01,3043.78733
2024-08-27 20:00:00,62102.0,62102.01,58034.01,59415.0,12962.89796
2024-08-28 00:00:00,59415.0,59650.0,58917.12,59629.01,5551.9553
2024-08-28 04:00:00,59629.01,59661.0,58516.0,58600.98,4614.54952
2024-08-28 08:00:00,58600.98,60234.98,58534.35,59935.0,6405.76959
2024-08-28 12:00:00,59934.99,60160.0,58443.07,59000.0,8281.56232
2024-08-28 16:00:00,59000.0,59849.99,57860.0,58898.85,8303.26552
2024-08-28 20:00:00,58898.85,59602.0,58623.01,59034.9,3711.4405
2024-08-29 00:00:00,59034.9,59320.0,58878.46,59141.1,2188.72128
2024-08-29 04:00:00,59141.11,59764.0,59049.79,59583.88,2877.04011
2024-08-29 08:00:00,59583.88,60477.0,59374.0,60067.06,4113.75713
2024-08-29 12:00:00,60067.06,61166.99,59990.0,60779.99,7624.50121
2024-08-29 16:00:00,60779.99,60960.0,58915.01,59258.0,7172.50668
2024-08-29 20:00:00,59257.99,59638.37,58713.09,59359.01,3044.38102
2024-08-30 00:00:00,59359.0,59487.64,58899.7,59032.01,2743.70295
2024-08-30 04:00:00,59032.0,59582.86,58685.0,59271.1,4144.3024
2024-08-30 08:00:00,59271.11,59674.42,59271.0,59396.0,3176.58551
2024-08-30 12:00:00,59396.0,59944.07,57946.01,58094.99,10365.98684
2024-08-30 16:00:00,58095.0,59371.0,57701.1,58700.02,6417.58601
2024-08-30 20:00:00,58700.02,59298.89,58700.0,59123.99,1671.15824
2024-08-31 00:00:00,59123.99,59462.38,59070.4,59232.01,1647.80492
2024-08-31 04:00:00,59232.01,59350.0,59043.12,59095.0,1230.67061
2024-08-31 08:00:00,59095.01,59188.9,58831.88,59120.99,1404.08788
2024-08-31 12:00:00,59120.99,59244.04,58892.15,59006.54,1774.98601
2024-08-31 16:00:00,59006.54,59140.01,58744.0,58856.0,1637.2679
2024-08-31 20:00:00,58856.0,59141.72,58763.29,58973.99,1103.59168
2024-09-01 00:00:00,58974.0,59076.59,58276.01,58524.21,2314.00203
2024-09-01 04:00:00,58524.21,58599.98,57777.0,58478.64,3366.16193
2024-09-01 08:00:00,58478.64,58504.81,57840.0,58240.52,2520.59733
2024-09-01 12:00:00,58240.51,58360.38,57201.0,58217.0,5911.39633
2024-09-01 16:00:00,58217.0,58788.93,57864.3,58514.0,2668.74429
2024-09-01 20:00:00,58514.01,58656.77,57205.0,57301.86,3924.2555
2024-09-02 00:00:00,57301.77,57767.14,57128.0,57742.01,4604.88008
2024-09-02 04:00:00,57742.0,57987.99,57362.06,57547.99,2616.60584
2024-09-02 08:00:00,57548.0,58680.76,57520.12,58422.01,5072.33101
2024-09-02 12:00:00,58422.01,58808.0,58104.0,58537.99,4023.88935
2024-09-02 16:00:00,58537.99,58666.64,58293.12,58439.99,2856.4724
2024-09-02 20:00:00,58440.03,59425.69,58384.61,59132.13,3720.83593
2024-09-03 00:00:00,59132.12,59809.65,59021.62,59110.99,3188.73817
2024-09-03 04:00:00,59111.0,59259.0,58872.0,59112.0,2786.55038
2024-09-03 08:00:00,59112.01,59195.63,58717.0,59072.0,2434.05695
2024-09-03 12:00:00,59072.01,59350.0,57568.0,57725.0,8190.06416
2024-09-03 16:00:00,57725.01,58251.09,57589.01,58046.0,3746.4115
2024-09-03 20:00:00,58045.99,58247.0,57415.0,57487.73,2482.36331
2024-09-04 00:00:00,57487.74,57943.53,55606.0,56653.98,10008.5459
2024-09-04 04:00:00,56653.99,56881.0,56201.0,56746.0,5570.10401
2024-09-04 08:00:00,56746.0,56909.94,56453.0,56573.0,3012.85274
2024-09-04 12:00:00,56573.0,58181.43,56187.61,58134.0,9903.94203
2024-09-04 16:00:00,58134.0,58519.0,57646.0,58058.01,5284.73247
2024-09-04 20:00:00,58058.0,58390.0,57792.46,57970.9,1780.64431
2024-09-05 00:00:00,57970.9,58327.07,56891.07,57135.42,4718.02876
2024-09-05 04:00:00,57135.42,57291.1,56541.68,57155.1,3337.56535
2024-09-05 08:00:00,57155.1,57232.0,56623.0,56698.01,2824.97809
2024-09-05 12:00:00,56698.01,57350.0,55817.51,55976.01,10200.08948
2024-09-05 16:00:00,55976.01,56710.0,55800.0,56060.01,4306.58366
2024-09-05 20:00:00,56060.0,56259.97,55643.65,56180.0,2419.66879
2024-09-06 00:00:00,56180.0,56858.88,55989.0,56588.0,3089.15324
2024-09-06 04:00:00,56588.01,56747.91,55280.0,55804.29,5943.85272
2024-09-06 08:00:00,55804.28,56262.11,55639.0,55999.09,4116.26102
2024-09-06 12:00:00,55999.09,57008.0,53808.0,54045.01,21136.96377
2024-09-06 16:00:00,54045.0,54435.0,53267.54,53534.28,11314.50356
2024-09-06 20:00:00,53534.27,53969.99,52550.0,53962.97,8847.03395
2024-09-07 00:00:00,53962.97,54095.65,53745.54,53818.91,2283.19066
2024-09-07 04:00:00,53818.92,54405.37,53814.0,54286.0,4210.82665
2024-09-07 08:00:00,54286.0,54492.98,54168.23,54326.0,2289.86562
2024-09-07 12:00:00,54326.01,54829.0,54326.0,54780.0,2510.87487
2024-09-07 16:00:00,54780.0,54850.0,54000.0,54404.01,3137.77696
2024-09-07 20:00:00,54404.01,54437.97,53814.01,54160.86,2261.51298
2024-09-08 00:00:00,54160.86,54509.0,53964.0,54402.99,1979.50014
2024-09-08 04:00:00,54402.98,54575.0,54261.1,54436.25,1722.23364
2024-09-08 08:00:00,54436.25,54722.85,54356.0,54556.08,1765.73164
2024-09-08 12:00:00,54556.08,54567.0,53640.0,53687.0,3500.41607
2024-09-08 16:00:00,53686.99,54531.1,53629.01,54337.01,2289.20807
2024-09-08 20:00:00,54337.02,55318.0,54184.0,54869.95,5017.05823
2024-09-09 00:00:00,54869.95,55370.23,54688.69,55115.0,4899.59127
2024-09-09 04:00:00,55115.0,55150.0,54591.96,54974.01,3091.16196
2024-09-09 08:00:00,54974.01,55555.0,54960.0,55264.87,3429.17626
2024-09-09 12:00:00,55264.87,55799.0,54804.0,55386.0,6542.48233
2024-09-09 16:00:00,55385.99,57177.0,55348.54,57089.54,9053.91852
2024-09-09 20:00:00,57089.53,58088.0,56810.0,57042.0,5368.18703
2024-09-10 00:00:00,57042.01,57065.34,56522.86,56524.74,3589.26607
2024-09-10 04:00:00,56524.74,57290.0,56386.4,57218.57,2969.98514
2024-09-10 08:00:00,57218.56,57378.0,56878.65,57228.0,3523.74246
2024-09-10 12:00:00,57228.01,57468.98,56502.31,56596.0,6137.02725
2024-09-10 16:00:00,56596.01,58044.36,56566.0,57952.01,5036.50689
2024-09-10 20:00:00,57952.01,57975.99,57453.0,57635.99,2370.25345
2024-09-11 00:00:00,57635.99,57750.0,56681.32,56819.55,4635.08566
2024-09-11 04:00:00,56819.56,56819.56,56100.0,56712.0,4361.14028
2024-09-11 08:00:00,56712.01,56895.82,56325.7,56797.99,4294.63231
2024-09-11 12:00:00,56798.0,57166.66,55545.19,56701.23,10825.4419
2024-09-11 16:00:00,56701.22,57981.71,56646.0,57585.5,7312.7816
2024-09-11 20:00:00,57585.5,57676.83,57211.1,57338.0,1597.48582
2024-09-12 00:00:00,57338.0,58470.01,57324.0,58232.72,4925.10026
2024-09-12 04:00:00,58232.73,58430.56,57836.28,58138.16,3805.17892
2024-09-12 08:00:00,58138.15,58350.0,57894.0,58057.99,3403.41297
2024-09-12 12:00:00,58058.0,58588.0,57345.23,57512.03,9147.61704
2024-09-12 16:00:00,57512.03,58450.99,57494.01,58388.0,5931.38887
2024-09-12 20:00:00,58388.0,58388.0,57781.1,58132.32,3861.70825
2024-09-13 00:00:00,58132.31,58290.4,57798.49,57845.97,2349.18013
2024-09-13 04:00:00,57845.97,58137.68,57742.0,58109.31,2043.6269
2024-09-13 08:00:00,58109.31,58350.0,57815.0,57871.1,2642.80891
2024-09-13 12:00:00,57871.1,59723.97,57632.62,59667.38,10230.19313
2024-09-13 16:00:00,59666.01,59999.0,59312.01,59743.99,6438.89464
2024-09-13 20:00:00,59743.99,60625.0,59633.4,60498.0,6120.52962
2024-09-14 00:00:00,60497.99,60610.45,60285.55,60329.37,2276.07277
2024-09-14 04:00:00,60329.38,60348.24,59900.0,60138.14,2520.20691
2024-09-14 08:00:00,60138.14,60156.0,59605.98,59706.39,2203.8962
2024-09-14 12:00:00,59706.4,60010.0,59626.01,59876.0,1704.29511
2024-09-14 16:00:00,59875.99,59983.39,59400.0,59810.0,2133.99814
2024-09-14 20:00:00,59810.01,60134.13,59774.0,59993.03,1299.43988
2024-09-15 00:00:00,59993.02,60280.06,59986.01,60155.93,1236.11942
2024-09-15 04:00:00,60155.93,60216.0,60032.9,60196.0,1021.60267
2024-09-15 08:00:00,60195.99,60204.0,59880.0,60000.51,1163.54597
2024-09-15 12:00:00,60000.51,60395.8,59871.0,60335.41,2112.8118
2024-09-15 16:00:00,60335.41,60352.65,59707.08,59878.22,3245.74935
2024-09-15 20:00:00,59878.23,59939.1,58691.05,59132.0,4978.0944
2024-09-16 00:00:00,59132.0,59210.7,58112.0,58575.09,5370.8386
2024-09-16 04:00:00,58575.09,58970.0,58312.54,58911.1,3433.45011
2024-09-16 08:00:00,58911.1,59179.35,58506.0,58663.99,3270.35511
2024-09-16 12:00:00,58664.0,58789.93,57553.38,57881.69,6950.28148
2024-09-16 16:00:00,57881.7,58263.84,57493.3,57943.99,4927.89314
2024-09-16 20:00:00,57943.99,58410.0,57608.0,58213.99,2524.74576
2024-09-17 00:00:00,58213.99,58343.99,57610.01,58060.0,2399.69133
2024-09-17 04:00:00,58060.0,58779.08,58028.0,58695.39,2401.70353
2024-09-17 08:00:00,58695.39,59300.0,58636.36,59080.99,3403.05073
2024-09-17 12:00:00,59080.99,61320.0,58872.02,61135.5,14518.51056
2024-09-17 16:00:00,61135.49,61261.0,59618.26,59967.99,7151.64931
2024-09-17 20:00:00,59967.98,60424.25,59715.42,60313.99,3241.65332
2024-09-18 00:00:00,60313.99,60769.0,59854.6,60509.99,3991.84107
2024-09-18 04:00:00,60510.0,60689.62,60199.68,60428.01,1833.32107
2024-09-18 08:00:00,60428.01,60428.01,59348.88,59846.0,4528.13103
2024-09-18 12:00:00,59846.0,60160.0,59308.61,59429.18,5117.9094
2024-09-18 16:00:00,59429.19,61318.6,59174.8,60057.99,14645.02961
2024-09-18 20:00:00,60057.99,61786.24,59473.68,61759.99,5970.79251
2024-09-19 00:00:00,61759.98,62589.52,61555.0,62117.99,8344.2925
2024-09-19 04:00:00,62117.98,62179.99,61814.0,62093.99,3360.24822
2024-09-19 08:00:00,62094.0,62727.52,61888.18,62645.44,3685.66229
2024-09-19 12:00:00,62645.44,63500.84,62582.14,63154.04,10166.54165
2024-09-19 16:00:00,63154.03,63850.0,62940.0,63251.99,6054.8445
2024-09-19 20:00:00,63251.99,63254.14,62650.0,62947.99,2720.93692
2024-09-20 00:00:00,62948.0,63750.0,62606.0,63742.16,3621.8169
2024-09-20 04:00:00,63742.15,64133.32,63390.32,63524.8,6638.35306
2024-09-20 08:00:00,63524.81,63700.0,63090.43,63440.0,3743.75146
2024-09-20 12:00:00,63440.01,63544.37,62553.9,63153.99,6589.92794
2024-09-20 16:00:00,63153.99,63282.0,62350.0,62809.13,3393.59501
2024-09-20 20:00:00,62809.13,63300.0,62709.3,63201.05,1478.93357
2024-09-21 00:00:00,63201.05,63310.37,62816.47,62889.57,1640.98964
2024-09-21 04:00:00,62889.58,63134.0,62758.0,63091.02,1209.98344
2024-09-21 08:00:00,63091.02,63136.0,62966.01,63089.77,1035.11805
2024-09-21 12:00:00,63089.76,63306.0,63036.92,63167.98,1603.27919
2024-09-21 16:00:00,63167.98,63400.0,63086.0,63203.59,1787.68953
2024-09-21 20:00:00,63203.59,63559.9,63058.0,63348.96,1098.28623
2024-09-22 00:00:00,63348.97,63450.0,62830.01,63106.0,1863.74001
2024-09-22 04:00:00,63106.0,63200.0,62838.0,62936.0,967.92007
2024-09-22 08:00:00,62936.0,63034.99,62544.94,62784.0,1840.93484
2024-09-22 12:00:00,62784.0,62930.0,62429.16,62652.12,2271.34613
2024-09-22 16:00:00,62652.12,63229.5,62468.01,63160.0,2262.34879
2024-09-22 20:00:00,63160.0,64000.0,62357.93,63578.76,5035.90908
2024-09-23 00:00:00,63578.76,64745.88,62538.75,64354.0,7140.31946
2024-09-23 04:00:00,64354.0,64455.13,63400.0,63548.82,3443.68917
2024-09-23 08:00:00,63548.83,63710.0,63300.0,63435.04,2927.2427
2024-09-23 12:00:00,63435.03,63806.0,63059.93,63618.0,5683.13836
2024-09-23 16:00:00,63617.99,63825.96,63098.97,63298.56,3051.89312
2024-09-23 20:00:00,63300.01,63489.0,63088.69,63339.99,1831.77006
2024-09-24 00:00:00,63339.99,63401.21,62700.0,63124.0,4362.37127
2024-09-24 04:00:00,63124.01,63569.99,62900.0,63559.92,2295.13582
2024-09-24 08:00:00,63559.93,63948.0,63380.0,63478.34,2935.03801
2024-09-24 12:00:00,63478.35,63768.0,62731.1,63159.99,5750.10021
2024-09-24 16:00:00,63159.99,64375.0,63088.02,64292.34,4151.18148
2024-09-24 20:00:00,64292.35,64688.0,63966.66,64262.7,3691.2208
2024-09-25 00:00:00,64262.7,64817.99,63990.41,64460.0,3313.63849
2024-09-25 04:00:00,64460.01,64460.23,63645.49,63843.33,2493.73409
2024-09-25 08:00:00,63843.34,63915.07,63407.7,63838.01,2671.75745
2024-09-25 12:00:00,63838.01,63999.0,63283.37,63495.66,3683.29568
2024-09-25 16:00:00,63495.66,63670.0,63000.0,63181.5,3421.13755
2024-09-25 20:00:00,63181.51,63551.81,62947.08,63152.01,2229.54842
2024-09-26 00:00:00,63152.01,63544.0,62670.0,63514.34,3182.8406
2024-09-26 04:00:00,63514.35,63874.41,63340.0,63852.07,1978.65426
2024-09-26 08:00:00,63852.07,64500.0,63595.67,64393.99,4265.52614
2024-09-26 12:00:00,64393.98,65550.0,64150.0,65229.03,10972.58828
2024-09-26 16:00:00,65229.03,65839.0,64693.26,64711.06,5421.22806
2024-09-26 20:00:00,64711.07,65244.0,64633.52,65173.99,2552.46859
2024-09-27 00:00:00,65173.99,65425.0,64819.9,65366.01,2512.15165
2024-09-27 04:00:00,65366.01,65550.0,65099.99,65460.02,3455.03541
2024-09-27 08:00:00,65460.02,65986.0,65342.78,65437.35,3894.1937
2024-09-27 12:00:00,65437.36,66498.0,65314.31,66006.01,7244.94249
2024-09-27 16:00:00,66006.01,66360.0,65524.0,65657.99,3581.38796
2024-09-27 20:00:00,65657.99,65962.0,65625.0,65769.95,1361.09366
2024-09-28 00:00:00,65769.95,66260.0,65720.0,66063.76,1667.03312
2024-09-28 04:00:00,66063.76,66087.0,65738.0,65824.01,1261.99889
2024-09-28 08:00:00,65824.01,65824.01,65453.0,65798.01,1658.51739
2024-09-28 12:00:00,65798.01,65816.0,65422.23,65619.13,1613.79987
2024-09-28 16:00:00,65619.14,65823.08,65492.59,65724.0,1744.50199
2024-09-28 20:00:00,65724.0,65982.16,65432.0,65858.0,1181.3819
2024-09-29 00:00:00,65858.0,65984.0,65647.28,65815.92,1175.81973
2024-09-29 04:00:00,65815.93,65815.93,65432.0,65477.01,1284.12437
2024-09-29 08:00:00,65477.01,65720.0,65433.0,65691.92,1041.46532
2024-09-29 12:00:00,65691.92,65850.0,65576.21,65751.34,1924.67822
2024-09-29 16:00:00,65751.34,65972.17,65654.01,65958.82,1134.64262
2024-09-29 20:00:00,65958.81,66076.12,65528.0,65602.01,1777.01085
2024-09-30 00:00:00,65602.01,65618.8,64190.0,64553.68,6048.78935
2024-09-30 04:00:00,64553.68,64750.01,64310.0,64562.01,3209.21927
2024-09-30 08:00:00,64562.01,64576.01,63249.68,63819.44,7287.18568
2024-09-30 12:00:00,63819.45,64161.08,63508.0,63561.41,4845.53912
2024-09-30 16:00:00,63561.42,63738.25,63056.0,63488.0,5487.90402
2024-09-30 20:00:00,63488.0,63860.0,62856.3,63327.59,3132.45008
2024-10-01 00:00:00,63327.6,63744.0,63006.7,63723.48,3879.35185
2024-10-01 04:00:00,63723.47,64130.63,63652.06,64045.92,3515.39368
2024-10-01 08:00:00,64045.92,64118.0,63707.89,63734.0,3230.34622
2024-10-01 12:00:00,63734.01,63809.97,61814.01,62628.85,12629.85952
2024-10-01 16:00:00,62628.85,62778.73,61092.0,61755.99,12278.90165
2024-10-01 20:00:00,61755.99,61760.74,60164.0,60805.78,8137.62816
2024-10-02 00:00:00,60804.92,61883.0,60733.81,61750.47,4288.88242
2024-10-02 04:00:00,61750.46,61940.0,61350.0,61727.4,2824.36251
2024-10-02 08:00:00,61727.39,61914.34,60888.88,61164.01,3827.59582
2024-10-02 12:00:00,61164.01,61926.9,60524.21,61874.01,7565.27679
2024-10-02 16:00:00,61874.01,62390.31,60000.0,60190.01,7929.51771
2024-10-02 20:00:00,60190.01,60999.24,60128.0,60649.28,5099.06593
2024-10-03 00:00:00,60649.27,61464.0,60536.0,61463.99,3657.31206
2024-10-03 04:00:00,61464.0,61477.19,60814.12,60926.0,3351.19716
2024-10-03 08:00:00,60926.0,61070.47,60126.56,60764.74,4407.11899
2024-10-03 12:00:00,60764.73,60900.0,59828.11,60641.5,8572.02693
2024-10-03 16:00:00,60641.5,61058.0,59917.02,61036.0,4408.85414
2024-10-03 20:00:00,61036.0,61100.0,60596.4,60752.71,1824.92544
2024-10-04 00:00:00,60752.72,61272.73,60459.9,60951.99,2373.59688
2024-10-04 04:00:00,60951.99,61544.98,60936.66,61443.64,2454.00481
2024-10-04 08:00:00,61443.64,61646.27,61266.42,61449.84,2343.66551
2024-10-04 12:00:00,61449.84,62004.48,60753.97,61873.04,8500.985
2024-10-04 16:00:00,61873.05,62468.0,61644.01,62368.0,4031.14494
2024-10-04 20:00:00,62368.0,62484.85,61965.14,62086.0,1591.2628
2024-10-05 00:00:00,62086.0,62214.0,61689.26,61861.99,1490.81546
2024-10-05 04:00:00,61861.99,62268.28,61824.01,62076.19,1052.59709
2024-10-05 08:00:00,62076.2,62326.48,62076.19,62180.0,1522.84096
2024-10-05 12:00:00,62179.99,62370.56,62100.0,62167.66,1317.65584
2024-10-05 16:00:00,62167.65,62180.0,61790.0,61848.48,1408.81584
2024-10-05 20:00:00,61848.48,62100.0,61700.0,62058.0,1014.73622
2024-10-06 00:00:00,62058.01,62150.0,61876.0,61878.66,882.65112
2024-10-06 04:00:00,61878.66,62010.0,61798.97,61949.01,907.06061
2024-10-06 08:00:00,61949.01,62176.75,61922.0,62101.92,936.78235
2024-10-06 12:00:00,62101.92,62777.0,62065.31,62720.01,3063.00545
2024-10-06 16:00:00,62720.01,62975.0,62550.0,62631.38,1681.72471
2024-10-06 20:00:00,62631.38,62912.33,62302.0,62819.91,1435.63753
2024-10-07 00:00:00,62819.91,63970.19,62657.44,63530.51,4456.00399
2024-10-07 04:00:00,63530.51,63753.91,63300.48,63531.99,2115.0378
2024-10-07 08:00:00,63532.0,63706.0,62649.95,63135.44,4457.19558
2024-10-07 12:00:00,63135.45,64478.19,62825.37,63651.6,7602.50861
2024-10-07 16:00:00,63651.59,63906.57,62735.9,63382.0,4094.49583
2024-10-07 20:00:00,63381.99,63410.0,62128.0,62224.0,3240.94339
2024-10-08 00:00:00,62224.01,62820.0,62156.02,62629.8,2759.18935
2024-10-08 04:00:00,62629.8,62778.04,62005.0,62319.99,2588.87096
2024-10-08 08:00:00,62319.99,62670.16,62193.63,62624.01,2240.95507
2024-10-08 12:00:00,62624.02,63200.0,61864.89,62288.01,6977.22252
2024-10-08 16:00:00,62288.01,62598.0,61860.31,62245.53,3585.78327
2024-10-08 20:00:00,62245.99,62565.95,62026.13,62160.49,1550.20254
2024-10-09 00:00:00,62160.5,62494.0,62002.5,62394.07,2218.57179
2024-10-09 04:00:00,62394.07,62543.75,62200.0,62276.78,2041.93089
2024-10-09 08:00:00,62276.79,62287.07,62046.69,62200.0,1718.42818
2024-10-09 12:00:00,62199.99,62412.09,61634.61,62316.0,5229.60107
2024-10-09 16:00:00,62316.0,62350.0,60835.0,61031.98,5071.40002
2024-10-09 20:00:00,61031.99,61122.53,60301.0,60636.02,3731.22489
2024-10-10 00:00:00,60636.01,60956.0,60355.0,60865.29,2727.57646
2024-10-10 04:00:00,60865.29,61149.58,60814.9,60900.0,1627.37524
2024-10-10 08:00:00,60900.01,61321.68,60630.71,61262.0,2559.67177
2024-10-10 12:00:00,61262.01,61320.0,60444.99,60789.36,5227.91174
2024-10-10 16:00:00,60789.36,61030.31,58946.0,59727.28,8517.95777
2024-10-10 20:00:00,59727.27,60329.27,59586.29,60326.39,3307.43183
2024-10-11 00:00:00,60326.4,60768.64,60087.64,60614.0,2415.18063
2024-10-11 04:00:00,60614.01,60925.16,60578.0,60674.69,2034.06082
2024-10-11 08:00:00,60674.68,61263.4,60650.44,61174.87,2754.98816
2024-10-11 12:00:00,61174.88,62450.0,61129.72,62259.05,6907.87356
2024-10-11 16:00:00,62259.04,63417.56,62123.0,63086.01,6450.8743
2024-10-11 20:00:00,63086.0,63160.0,62357.7,62540.0,3078.37462
2024-10-12 00:00:00,62539.99,63073.78,62487.23,62568.0,2510.94662
2024-10-12 04:00:00,62568.0,62800.0,62565.51,62767.57,1198.66803
2024-10-12 08:00:00,62767.57,63260.53,62672.34,62936.91,1999.15341
2024-10-12 12:00:00,62936.91,63480.0,62824.03,63157.49,2690.48359
2024-10-12 16:00:00,63157.5,63400.0,62911.0,63000.01,1537.73891
2024-10-12 20:00:00,63000.01,63388.0,63000.0,63206.22,974.3106
2024-10-13 00:00:00,63206.23,63285.72,62654.91,62712.31,1978.86462
2024-10-13 04:00:00,62712.31,62990.0,62707.21,62843.48,976.93771
2024-10-13 08:00:00,62843.48,62962.0,62520.18,62561.33,2072.26507
2024-10-13 12:00:00,62561.34,62818.0,62050.0,62229.31,2882.28535
2024-10-13 16:00:00,62229.32,62887.78,62177.67,62734.32,2186.22682
2024-10-13 20:00:00,62734.31,63125.0,62610.67,62870.02,1812.64038
2024-10-14 00:00:00,62870.02,64392.49,62457.81,64299.99,5202.69582
2024-10-14 04:00:00,64300.0,64686.0,63778.62,64620.87,6540.2077
2024-10-14 08:00:00,64620.87,65188.57,64340.98,64920.06,5338.83523
2024-10-14 12:00:00,64920.05,66299.93,64660.56,65870.0,11165.96157
2024-10-14 16:00:00,65870.0,66072.3,65459.0,65939.4,5541.11281
2024-10-14 20:00:00,65939.41,66500.0,65730.0,66083.99,3881.13909
2024-10-15 00:00:00,66084.0,66330.0,65324.4,65400.0,3574.82599
2024-10-15 04:00:00,65399.99,65846.0,65201.0,65638.74,3319.36953
2024-10-15 08:00:00,65638.74,65850.0,65280.0,65399.69,3798.65244
2024-10-15 12:00:00,65399.68,67950.0,64800.01,66022.0,20567.31949
2024-10-15 16:00:00,66022.01,67390.89,65982.55,66970.18,8440.07018
2024-10-15 20:00:00,66970.18,67156.47,66130.64,67074.14,3983.7166
2024-10-16 00:00:00,67074.14,67561.04,66750.49,67095.98,3508.4024
2024-10-16 04:00:00,67095.99,67361.41,66775.67,66972.53,3070.41603
2024-10-16 08:00:00,66972.53,68424.0,66917.52,67894.72,8671.10496
2024-10-16 12:00:00,67894.73,68308.91,67117.18,67749.99,9342.2106
2024-10-16 16:00:00,67750.0,68100.0,67482.0,67728.0,3575.32974
2024-10-16 20:00:00,67728.01,67954.03,67500.0,67620.01,1770.79171
2024-10-17 00:00:00,67620.0,67939.4,67406.99,67601.4,2503.78211
2024-10-17 04:00:00,67601.4,67601.4,67087.35,67303.18,3552.90409
2024-10-17 08:00:00,67303.18,67530.01,66741.09,66872.43,4840.70419
2024-10-17 12:00:00,66872.44,67680.0,66666.0,67590.66,6644.01683
2024-10-17 16:00:00,67590.67,67590.67,66720.0,66840.0,5364.13174
2024-10-17 20:00:00,66840.0,67480.0,66827.68,67421.78,2422.68965
2024-10-18 00:00:00,67421.78,68260.92,67192.36,67555.4,4815.67963
2024-10-18 04:00:00,67555.41,68378.95,67544.0,67969.7,4436.03787
2024-10-18 08:00:00,67969.69,68050.0,67674.98,67702.0,3604.45968
2024-10-18 12:00:00,67702.0,68870.68,67642.71,68735.35,8981.93414
2024-10-18 16:00:00,68735.34,69000.0,68360.0,68608.01,5094.2734
2024-10-18 20:00:00,68608.01,68690.0,68204.1,68428.0,1793.25028
2024-10-19 00:00:00,68427.99,68693.26,68303.03,68450.01,1376.73627
2024-10-19 04:00:00,68450.0,68560.0,68302.31,68346.54,1113.67315
2024-10-19 08:00:00,68346.54,68475.7,68090.3,68090.3,1655.36285
2024-10-19 12:00:00,68090.3,68350.0,68088.0,68226.93,1346.90882
2024-10-19 16:00:00,68226.94,68242.43,68010.0,68181.98,1019.59496
2024-10-19 20:00:00,68181.98,68413.96,68168.45,68378.0,1681.39132
2024-10-20 00:00:00,68377.99,68446.0,68100.0,68188.0,1054.72024
2024-10-20 04:00:00,68188.01,68433.5,68176.26,68378.0,1441.04305
2024-10-20 08:00:00,68378.01,68500.0,68355.0,68420.01,1130.42068
2024-10-20 12:00:00,68420.01,68772.7,68198.22,68625.99,3025.00337
2024-10-20 16:00:00,68625.99,68660.0,68422.0,68508.29,1137.38491
2024-10-20 20:00:00,68508.3,69400.0,68461.93,69031.99,4653.90153
2024-10-21 00:00:00,69032.0,69519.52,68588.51,68939.99,4025.34961
2024-10-21 04:00:00,68940.0,69185.18,68488.33,68514.0,2657.04256
2024-10-21 08:00:00,68513.99,68661.0,68119.01,68238.01,4244.21652
2024-10-21 12:00:00,68238.0,68328.68,66840.67,67341.02,12814.65836
2024-10-21 16:00:00,67341.02,67941.17,66894.0,67763.0,5541.16575
2024-10-21 20:00:00,67763.99,67933.79,67366.66,67377.5,2091.98904
2024-10-22 00:00:00,67377.5,67694.92,66571.42,67390.02,4530.23136
2024-10-22 04:00:00,67390.01,67800.0,67278.02,67402.0,2582.69229
2024-10-22 08:00:00,67402.0,67526.67,66740.0,67299.15,5952.92995
2024-10-22 12:00:00,67299.15,67693.34,66644.18,67282.27,6233.58519
2024-10-22 16:00:00,67282.27,67635.72,66920.0,67482.98,3629.34667
2024-10-22 20:00:00,67482.99,67836.01,67292.0,67426.0,1670.17722
2024-10-23 00:00:00,67426.01,67472.83,66890.0,67082.1,2192.04981
2024-10-23 04:00:00,67082.1,67302.83,66800.0,66852.34,2205.04466
2024-10-23 08:00:00,66852.33,67048.0,66200.0,66414.0,4678.16343
2024-10-23 12:00:00,66414.0,66910.15,65923.01,66223.44,6555.45611
2024-10-23 16:00:00,66223.45,66573.58,65260.0,66472.0,7747.67519
2024-10-23 20:00:00,66472.0,66807.37,66338.99,66668.65,2151.8515
2024-10-24 00:00:00,66668.65,67612.12,66510.0,67213.16,4069.13262
2024-10-24 04:00:00,67213.16,67479.55,67068.75,67123.08,2168.24652
2024-10-24 08:00:00,67123.09,67322.26,66700.0,67285.99,3627.57529
2024-10-24 12:00:00,67286.0,67998.0,67262.0,67701.22,5556.69154
2024-10-24 16:00:00,67701.21,68323.0,67350.01,68309.79,4018.19794
2024-10-24 20:00:00,68309.79,68850.0,67978.04,68198.28,3149.99486
2024-10-25 00:00:00,68198.27,68286.56,67836.0,68008.0,2103.46788
2024-10-25 04:00:00,68007.99,68045.36,67250.0,67531.97,3239.24812
2024-10-25 08:00:00,67531.96,68183.78,67286.28,68105.79,3432.59534
2024-10-25 12:00:00,68105.79,68771.49,67429.87,67690.01,6063.80083
2024-10-25 16:00:00,67690.01,67890.52,66006.6,66850.0,12819.56162
2024-10-25 20:00:00,66849.99,67392.52,65596.29,66698.33,6821.03746
2024-10-26 00:00:00,66698.32,67050.2,66439.9,66914.0,3685.00548
2024-10-26 04:00:00,66914.0,67240.02,66784.26,67007.99,1628.86516
2024-10-26 08:00:00,67007.99,67264.34,66953.02,67138.0,1491.87488
2024-10-26 12:00:00,67138.0,67180.0,66744.0,66886.49,2610.78256
2024-10-26 16:00:00,66886.49,67181.82,66788.0,67177.99,1318.30448
2024-10-26 20:00:00,67178.0,67454.55,67084.0,67092.76,1108.07514
2024-10-27 00:00:00,67092.76,67325.46,66913.73,67289.57,986.04169
2024-10-27 04:00:00,67289.57,67317.78,67120.0,67204.01,668.95382
2024-10-27 08:00:00,67204.0,67266.49,67036.85,67128.04,1089.42823
2024-10-27 12:00:00,67128.03,67858.0,67121.45,67791.99,2061.49126
2024-10-27 16:00:00,67792.0,68000.0,67540.88,67850.0,1636.67932
2024-10-27 20:00:00,67850.0,68332.05,67688.09,68021.7,2210.6016
2024-10-28 00:00:00,68021.69,68116.78,67677.77,67727.59,1748.50819
2024-10-28 04:00:00,67727.59,68680.0,67618.0,68415.52,3228.44557
2024-10-28 08:00:00,68415.52,68833.57,68238.81,68753.78,2668.85534
2024-10-28 12:00:00,68753.78,69280.0,68426.67,68494.2,7619.52629
2024-10-28 16:00:00,68494.2,69900.0,68452.54,69629.98,7959.90622
2024-10-28 20:00:00,69629.99,70270.0,69427.79,69962.21,5821.51298
2024-10-29 00:00:00,69962.21,71587.88,69760.0,70938.14,9260.69533
2024-10-29 04:00:00,70938.15,71370.0,70837.83,71017.97,5390.71759
2024-10-29 08:00:00,71017.96,71578.95,70974.0,71452.01,4333.82377
2024-10-29 12:00:00,71452.02,72429.99,70929.0,72402.01,11510.0098
2024-10-29 16:00:00,72402.0,73620.12,72350.7,72536.16,14375.99601
2024-10-29 20:00:00,72536.38,72978.9,71864.65,72736.42,5257.36344
2024-10-30 00:00:00,72736.41,72785.72,72000.01,72234.0,3553.7595
2024-10-30 04:00:00,72234.0,72610.0,72100.0,72227.99,3065.87039
2024-10-30 08:00:00,72227.99,72604.97,71926.82,71983.99,3249.22754
2024-10-30 12:00:00,71984.0,72470.0,71436.0,72061.34,7786.81964
2024-10-30 16:00:00,72061.34,72197.5,71641.77,71822.01,3301.81939
2024-10-30 20:00:00,71822.01,72961.0,71644.19,72344.74,5928.4941
2024-10-31 00:00:00,72344.75,72599.99,72030.08,72353.74,2955.82677
2024-10-31 04:00:00,72353.75,72478.0,72150.0,72417.19,2300.55532
2024-10-31 08:00:00,72417.19,72700.0,72149.79,72226.0,3129.22143
2024-10-31 12:00:00,72226.0,72276.0,70431.77,70620.0,10391.35314
2024-10-31 16:00:00,70620.01,70949.51,70036.0,70092.07,5987.52232
2024-10-31 20:00:00,70092.07,70654.76,69685.76,70292.01,4587.62399
2024-11-01 00:00:00,70292.01,70470.0,68830.0,69369.99,6736.08255
2024-11-01 04:00:00,69369.99,69699.14,69080.0,69273.7,3840.13342
2024-11-01 08:00:00,69273.7,70228.0,69237.26,70002.01,4258.62726
2024-11-01 12:00:00,70002.01,71632.95,69044.0,69387.77,12583.25292
2024-11-01 16:00:00,69387.78,70515.16,68820.14,69268.0,8722.26319
2024-11-01 20:00:00,69268.0,69627.0,68854.5,69496.01,2161.50821
2024-11-02 00:00:00,69496.0,69914.37,69479.91,69599.99,1888.97948
2024-11-02 04:00:00,69599.99,69823.94,69446.0,69813.91,1298.14761
2024-11-02 08:00:00,69813.91,69838.62,69417.88,69608.0,1279.6003
2024-11-02 12:00:00,69608.0,69711.59,69000.14,69393.17,3365.13104
2024-11-02 16:00:00,69393.18,69616.0,69215.0,69510.0,1553.51785
2024-11-02 20:00:00,69510.0,69571.99,69149.0,69374.74,1136.29615
2024-11-03 00:00:00,69374.74,69391.0,67864.16,68379.89,5846.4092
2024-11-03 04:00:00,68379.9,68771.58,68303.99,68397.42,1961.6419
2024-11-03 08:00:00,68397.42,68603.58,68200.01,68358.86,2460.80349
2024-11-03 12:00:00,68358.86,68560.0,67478.73,68090.9,6042.77974
2024-11-03 16:00:00,68090.91,68693.81,67667.21,68679.0,4811.23179
2024-11-03 20:00:00,68679.0,69358.0,68492.82,68775.99,3872.83631
2024-11-04 00:00:00,68775.99,69500.0,68240.61,69047.86,3531.81884
2024-11-04 04:00:00,69047.86,69401.55,68618.0,68618.0,2753.25815
2024-11-04 08:00:00,68618.0,69036.0,68470.0,68792.71,3061.68173
2024-11-04 12:00:00,68792.72,69264.52,68202.99,68646.01,6502.898
2024-11-04 16:00:00,68646.01,68814.32,67251.5,67856.0,7022.60435
2024-11-04 20:00:00,67856.01,68106.07,66835.0,67850.01,6928.1308
2024-11-05 00:00:00,67850.01,68255.0,67476.63,68243.0,3631.30352
2024-11-05 04:00:00,68243.01,68976.0,68218.51,68893.99,3527.68448
2024-11-05 08:00:00,68894.0,69100.0,68615.11,68810.03,3105.13722
2024-11-05 12:00:00,68810.03,70325.06,68666.0,69639.99,9273.82987
2024-11-05 16:00:00,69640.0,70577.91,68732.77,68995.99,8251.89006
2024-11-05 20:00:00,68995.99,69898.02,68786.91,69372.01,5565.22373
2024-11-06 00:00:00,69372.01,75000.0,69298.0,74348.53,29431.196937
2024-11-06 04:00:00,74348.53,75407.1,72727.0,73370.89,26064.898021
2024-11-06 08:00:00,73370.89,74475.47,72656.31,74272.01,13990.39249
2024-11-06 12:00:00,74272.0,74757.58,73488.0,74298.0,13980.04537
2024-11-06 16:00:00,74297.99,75850.0,74150.0,75823.55,11500.391072
2024-11-06 20:00:00,75823.55,76400.0,75507.1,75571.99,9160.070897
2024-11-07 00:00:00,75571.99,76022.79,75003.83,75048.01,7170.25219
2024-11-07 04:00:00,75048.01,75048.01,74416.0,74757.58,5435.11503
2024-11-07 08:00:00,74757.58,75150.11,74649.54,74746.0,3766.42463
2024-11-07 12:00:00,74745.99,76059.69,74512.19,76059.69,7599.95
2024-11-07 16:00:00,76059.68,76718.99,75555.17,76530.39,13850.283425
2024-11-07 20:00:00,76530.4,76849.99,75494.0,75857.89,7047.39707
2024-11-08 00:00:00,75857.89,76358.0,75555.0,75890.79,4416.57747
2024-11-08 04:00:00,75890.79,76220.0,75686.0,76148.49,5001.36124
2024-11-08 08:00:00,76148.49,76320.0,75760.0,75934.46,3321.2486
2024-11-08 12:00:00,75934.47,76584.6,75630.76,76427.72,9261.36209
2024-11-08 16:00:00,76427.72,77199.99,75822.07,76912.58,9446.863703
2024-11-08 20:00:00,76912.58,77097.0,76300.23,76509.78,5073.68648
2024-11-09 00:00:00,76509.78,76639.84,76136.0,76341.47,2498.29713
2024-11-09 04:00:00,76341.47,76795.69,76294.0,76529.08,2824.88315
2024-11-09 08:00:00,76529.07,76735.59,76358.91,76487.11,1956.64753
2024-11-09 12:00:00,76487.11,76541.53,76272.72,76319.9,2576.33768
2024-11-09 16:00:00,76319.91,76700.0,75714.66,76204.92,3958.68374
2024-11-09 20:00:00,76204.91,76900.0,76179.0,76677.46,3127.22992
2024-11-10 00:00:00,76677.46,77498.0,76492.0,77205.96,6237.464965
2024-11-10 04:00:00,77205.97,79788.96,77138.0,78832.37,15561.725502
2024-11-10 08:00:00,78832.36,80040.0,78832.36,79844.01,7359.556072
2024-11-10 12:00:00,79844.0,80080.0,79200.0,79694.03,9016.63483
2024-11-10 16:00:00,79694.03,81069.99,79324.59,79748.99,11314.767361
2024-11-10 20:00:00,79748.99,81500.0,78473.13,80370.01,12339.951705
2024-11-11 00:00:00,80370.01,81846.71,80216.01,81612.23,7866.798202
2024-11-11 04:00:00,81612.23,81727.47,80432.0,81109.1,6018.85178
2024-11-11 08:00:00,81109.11,82380.94,81023.29,82134.0,8046.625461
2024-11-11 12:00:00,82133.99,84263.51,81460.19,84059.54,17558.062176
2024-11-11 16:00:00,84059.53,86650.0,83831.84,86102.21,19271.655334
2024-11-11 20:00:00,86102.21,89530.54,86052.0,88647.99,23561.672823
2024-11-12 00:00:00,88648.0,89470.0,86561.35,88047.46,19452.23586
2024-11-12 04:00:00,88047.45,89940.0,87700.0,88983.35,13408.122211
2024-11-12 08:00:00,88983.35,89372.0,85229.0,87155.55,21526.29235
2024-11-12 12:00:00,87155.55,87860.0,85072.0,86632.0,19109.59223
2024-11-12 16:00:00,86632.0,89764.38,85730.35,88704.28,14486.43433
2024-11-12 20:00:00,88704.28,89876.94,87379.59,87952.01,9317.21093
2024-11-13 00:00:00,87952.0,88562.94,87004.0,87136.0,10008.6189
2024-11-13 04:00:00,87136.0,87692.69,86127.99,87356.0,9544.53162
2024-11-13 08:00:00,87356.01,88083.0,87082.42,87669.39,6000.39557
2024-11-13 12:00:00,87669.4,92690.0,87502.49,92540.01,25126.849483
2024-11-13 16:00:00,92540.0,93265.64,89969.87,90193.51,22766.283954
2024-11-13 20:00:00,90193.5,91184.02,87970.98,90375.2,13317.1746
2024-11-14 00:00:00,90375.21,90566.0,89458.13,89937.02,7354.10555
2024-11-14 04:00:00,89937.03,90850.0,89104.54,90769.42,6197.35157
2024-11-14 08:00:00,90769.42,91657.77,90329.8,91491.86,8132.00542
2024-11-14 12:00:00,91491.85,91790.0,87829.57,87947.99,15118.0437
2024-11-14 16:00:00,87947.99,89775.24,87526.74,89463.99,8531.95926
2024-11-14 20:00:00,89463.99,89464.0,86668.21,87325.59,11396.04536
2024-11-15 00:00:00,87325.59,88473.7,87252.0,88218.21,6032.5219
2024-11-15 04:00:00,88218.22,88391.99,87073.38,87612.0,6883.97605
2024-11-15 08:00:00,87612.01,89771.99,87368.0,89741.25,6640.4585
2024-11-15 12:00:00,89741.24,90709.74,87754.45,88445.41,11903.82559
2024-11-15 16:00:00,88445.4,90844.9,88386.99,90377.89,8672.84127
2024-11-15 20:00:00,90377.89,91850.0,90324.85,91032.07,7794.32737
2024-11-16 00:00:00,91032.08,91709.06,90850.0,91252.03,4249.95392
2024-11-16 04:00:00,91252.04,91779.66,91064.24,91117.53,3028.27512
2024-11-16 08:00:00,91117.52,91598.13,90993.15,91169.69,3972.70297
2024-11-16 12:00:00,91169.69,91320.0,90056.17,90521.2,5422.19653
2024-11-16 16:00:00,90521.2,91396.03,90186.64,91100.24,3466.38119
2024-11-16 20:00:00,91100.23,91181.82,90300.0,90586.92,2578.36716
2024-11-17 00:00:00,90587.98,90888.0,89364.0,90247.86,4950.72397
2024-11-17 04:00:00,90247.86,90888.0,90158.56,90550.8,2974.11564
2024-11-17 08:00:00,90550.8,91449.99,90478.99,90684.19,3929.09518
2024-11-17 12:00:00,90684.19,91189.88,89925.91,90260.01,4166.81415
2024-11-17 16:00:00,90260.01,90640.18,89664.34,90044.0,3112.39163
2024-11-17 20:00:00,90044.0,90212.13,88722.0,89855.99,4734.41552
2024-11-18 00:00:00,89855.98,90935.44,89617.96,90668.58,3252.23252
2024-11-18 04:00:00,90668.58,92300.0,90438.85,91719.9,6378.66485
2024-11-18 08:00:00,91719.9,92211.99,90051.1,90275.13,6488.59666
2024-11-18 12:00:00,90275.13,92594.0,89376.9,92309.51,12873.97296
2024-11-18 16:00:00,92309.51,92584.95,89667.66,90608.26,9954.79626
2024-11-18 20:00:00,90608.26,91980.0,90224.02,90464.08,7596.77123
2024-11-19 00:00:00,90464.07,91529.0,90357.0,91428.0,3575.26612
2024-11-19 04:00:00,91428.0,92000.0,91238.09,91620.01,3893.80469
2024-11-19 08:00:00,91620.0,91950.0,91200.0,91652.02,3730.94665
2024-11-19 12:00:00,91652.01,92788.0,90975.8,92391.99,13823.62822
2024-11-19 16:00:00,92391.99,93905.51,92147.12,93227.87,11450.7773
2024-11-19 20:00:00,93227.87,93571.08,91320.0,92310.79,7185.62384
2024-11-20 00:00:00,92310.8,92418.68,91500.0,92039.99,4096.22399
2024-11-20 04:00:00,92039.99,92851.09,91850.0,92850.38,3477.17855
2024-11-20 08:00:00,92850.38,93669.98,92720.0,93454.65,6216.74888
2024-11-20 12:00:00,93454.65,94807.62,93314.49,94739.97,12702.544432
2024-11-20 16:00:00,94739.98,94831.97,93138.0,94000.0,10761.1069
2024-11-20 20:00:00,94000.0,94599.98,93770.07,94286.56,4949.39596
2024-11-21 00:00:00,94286.56,95904.0,94040.0,95798.12,9339.057505
2024-11-21 04:00:00,95798.12,97852.0,95798.11,96912.01,13220.183819
2024-11-21 08:00:00,96912.01,98384.86,96723.96,97974.99,10048.90103
2024-11-21 12:00:00,97975.0,98250.0,95600.0,96672.0,16850.11898
2024-11-21 16:00:00,96672.0,98988.0,96276.69,97829.83,13009.781133
2024-11-21 20:00:00,97829.84,98723.65,97533.18,98317.12,6760.31801
2024-11-22 00:00:00,98317.12,99299.99,97840.0,98836.5,7532.474903
2024-11-22 04:00:00,98836.49,99419.99,98517.21,99173.7,6632.8656
2024-11-22 08:00:00,99173.7,99267.19,98219.84,98870.38,6290.74803
2024-11-22 12:00:00,98870.39,98949.0,97122.11,98664.0,11263.93551
2024-11-22 16:00:00,98663.99,99588.01,98220.0,99079.74,9541.05621
2024-11-22 20:00:00,99079.74,99449.0,98535.0,98892.0,4928.22899
2024-11-23 00:00:00,98892.0,98908.85,98300.0,98666.67,3918.314
2024-11-23 04:00:00,98666.66,98800.0,98284.61,98560.85,3360.38068
2024-11-23 08:00:00,98560.84,98623.76,98300.0,98429.99,3176.75105
2024-11-23 12:00:00,98430.0,98847.68,98400.0,98400.0,4138.68982
2024-11-23 16:00:00,98400.01,98459.56,97336.06,97504.0,7486.78427
2024-11-23 20:00:00,97504.0,98015.82,97136.0,97672.4,2676.92385
2024-11-24 00:00:00,97672.4,98564.0,97620.74,98200.1,3989.58138
2024-11-24 04:00:00,98200.1,98431.06,97872.2,98431.05,3583.35015
2024-11-24 08:00:00,98431.05,98472.98,97239.29,97280.03,3606.92172
2024-11-24 12:00:00,97280.04,97606.52,95900.01,95901.51,9382.31921
2024-11-24 16:00:00,95901.52,96747.98,95734.77,96320.02,5662.8696
2024-11-24 20:00:00,96320.01,98369.46,96195.47,97900.04,4975.93632
2024-11-25 00:00:00,97900.05,98050.0,96888.0,97898.8,3838.26336
2024-11-25 04:00:00,97898.81,98376.99,97491.66,98047.34,5230.71565
2024-11-25 08:00:00,98047.34,98871.8,97850.0,98188.09,5195.73129
2024-11-25 12:00:00,98188.09,98313.08,94525.0,96000.56,14345.48831
2024-11-25 16:00:00,96000.57,96500.0,94400.0,94669.48,10283.14008
2024-11-25 20:00:00,94669.49,95300.0,92600.19,93010.01,11954.11227
2024-11-26 00:00:00,93010.01,94923.69,92727.9,94464.0,6245.66011
2024-11-26 04:00:00,94464.0,94973.37,93500.08,93785.71,4722.02616
2024-11-26 08:00:00,93785.72,93785.72,91466.52,92356.85,13592.93588
2024-11-26 12:00:00,92356.84,93559.0,91739.7,92813.0,13179.13015
2024-11-26 16:00:00,92812.99,94685.6,91554.11,91683.89,10628.56926
2024-11-26 20:00:00,91683.9,92364.0,90791.1,91965.16,9490.40982
2024-11-27 00:00:00,91965.16,93037.38,91792.14,92588.0,5555.58018
2024-11-27 04:00:00,92588.0,93648.0,92361.66,93597.16,4840.27212
2024-11-27 08:00:00,93597.16,93885.6,93109.12,93367.99,3994.01189
2024-11-27 12:00:00,93367.99,95850.0,92847.84,95556.01,9868.59893
2024-11-27 16:00:00,95556.0,96631.68,95184.79,96627.99,9525.88556
2024-11-27 20:00:00,96627.99,97208.21,95731.72,95863.11,7369.07866
2024-11-28 00:00:00,95863.11,96564.0,94822.54,95471.43,6275.70277
2024-11-28 04:00:00,95471.44,95922.39,95063.15,95299.66,5014.99892
2024-11-28 08:00:00,95299.66,95780.0,94640.0,95452.01,4752.0259
2024-11-28 12:00:00,95452.0,96221.8,94900.0,95007.14,5548.28802
2024-11-28 16:00:00,95007.15,95435.68,94817.0,95119.48,3678.82621
2024-11-28 20:00:00,95119.48,96023.48,94698.0,95643.98,3544.70175
2024-11-29 00:00:00,95643.99,96859.0,95364.99,96590.36,3208.77651
2024-11-29 04:00:00,96590.35,96630.09,95600.03,95625.05,2916.98299
2024-11-29 08:00:00,95625.05,97358.21,95616.0,97237.91,4164.43477
2024-11-29 12:00:00,97237.91,98619.99,96768.0,98019.47,8857.57633
2024-11-29 16:00:00,98019.46,98440.0,96853.82,97329.73,5993.35722
2024-11-29 20:00:00,97329.73,97624.62,96981.01,97460.0,2560.65449
2024-11-30 00:00:00,97460.0,97463.95,96309.85,96640.02,3052.5744
2024-11-30 04:00:00,96640.02,97234.02,96532.7,96783.38,3397.39114
2024-11-30 08:00:00,96783.38,96968.78,96092.01,96267.99,2445.61538
2024-11-30 12:00:00,96267.99,96732.15,96242.14,96645.41,2060.42388
2024-11-30 16:00:00,96645.42,97062.5,96531.35,97019.68,1822.59102
2024-11-30 20:00:00,97019.69,97040.0,96320.99,96407.99,1725.23724
2024-12-01 00:00:00,96407.99,96672.49,95693.88,96336.75,3622.03491
2024-12-01 04:00:00,96336.76,96515.52,96195.99,96472.97,1284.90142
2024-12-01 08:00:00,96472.97,97179.04,96424.99,97108.89,2803.36709
2024-12-01 12:00:00,97108.89,97388.78,96660.88,97028.02,3260.08114
2024-12-01 16:00:00,97028.02,97523.41,96958.48,97178.73,2968.12339
2024-12-01 20:00:00,97178.73,97836.0,96800.01,97185.18,3000.09657
2024-12-02 00:00:00,97185.17,98130.0,96350.0,96483.75,5392.949
2024-12-02 04:00:00,96483.75,96924.0,95749.97,95999.99,5378.4519
2024-12-02 08:00:00,95999.99,96112.0,94820.41,95128.68,6299.85507
2024-12-02 12:00:00,95128.67,97214.77,94766.0,97048.0,8297.68046
2024-12-02 16:00:00,97048.01,97356.69,94395.0,95816.0,8796.99302
2024-12-02 20:00:00,95816.01,96327.87,95112.01,95840.62,3792.74036
2024-12-03 00:00:00,95840.61,96305.52,95400.0,96079.36,3671.38924
2024-12-03 04:00:00,96079.36,96238.1,95277.35,95550.0,3510.45774
2024-12-03 08:00:00,95550.0,95662.94,94595.38,94988.01,4056.48891
2024-12-03 12:00:00,94988.0,96250.0,93578.17,95682.54,13543.07849
2024-12-03 16:00:00,95682.54,96169.99,94860.0,95428.6,5936.97324
2024-12-03 20:00:00,95428.61,96140.01,95272.5,95849.69,5108.93521
2024-12-04 00:00:00,95849.69,96614.16,95224.17,95770.32,4788.30848
2024-12-04 04:00:00,95770.32,96714.41,95717.54,96588.81,3607.43743
2024-12-04 08:00:00,96588.81,96950.0,96172.0,96190.41,3780.1103
2024-12-04 12:00:00,96190.41,96560.0,95352.41,95742.81,7959.19099
2024-12-04 16:00:00,95742.8,97232.01,94587.83,97209.64,9467.01122
2024-12-04 20:00:00,97209.64,99000.0,97128.52,98587.32,14248.47886
2024-12-05 00:00:00,98587.32,104088.0,97888.89,102964.0,29911.489432
2024-12-05 04:00:00,102964.0,103544.71,101324.16,102236.1,14930.57327
2024-12-05 08:00:00,102236.1,103159.76,102236.1,102566.91,9004.86605
2024-12-05 12:00:00,102566.91,103550.0,100925.97,101292.01,15250.81785
2024-12-05 16:00:00,101292.0,101999.0,98599.36,99028.0,14788.63995
2024-12-05 20:00:00,99028.01,99479.72,90500.0,96945.63,26035.34311
2024-12-06 00:00:00,96945.63,98828.7,95981.72,97735.29,10502.77687
2024-12-06 04:00:00,97735.29,98288.0,97370.19,98138.54,4600.17485
2024-12-06 08:00:00,98138.53,98705.23,97622.86,98069.62,5508.51297
2024-12-06 12:00:00,98069.61,99483.81,97512.26,99309.99,9368.1804
2024-12-06 16:00:00,99310.0,101799.0,98762.6,101439.99,9652.35617
2024-12-06 20:00:00,101439.99,101898.99,99053.03,99740.84,5417.53184
2024-12-07 00:00:00,99740.84,100428.0,99285.71,99299.63,2803.39835
2024-12-07 04:00:00,99299.64,99666.31,98844.0,99405.2,3254.00298
2024-12-07 08:00:00,99405.2,99821.83,99260.0,99620.0,2290.29479
2024-12-07 12:00:00,99620.0,99800.0,99036.01,99756.01,2409.08289
2024-12-07 16:00:00,99756.0,100263.64,99460.37,100077.45,2257.58478
2024-12-07 20:00:00,100077.45,100439.18,99595.11,99831.99,1917.58211
2024-12-08 00:00:00,99831.99,100328.88,99632.28,99934.82,1688.21452
2024-12-08 04:00:00,99934.83,100030.0,99336.0,99675.11,1590.3559
2024-12-08 08:00:00,99675.11,99844.28,98657.7,99701.16,2557.39593
2024-12-08 12:00:00,99701.17,100500.0,99357.16,99912.01,3388.44325
2024-12-08 16:00:00,99912.01,100198.0,99480.0,100100.98,2219.63339
2024-12-08 20:00:00,100100.99,101351.0,99736.06,101109.59,3168.95389
2024-12-09 00:00:00,101109.6,101215.93,98432.18,99090.84,6131.57247
2024-12-09 04:00:00,99090.84,99729.88,98328.0,99576.51,4641.05371
2024-12-09 08:00:00,99576.51,99679.71,98035.57,98088.47,5754.936
2024-12-09 12:00:00,98088.47,100421.8,97508.58,97812.0,10565.60263
2024-12-09 16:00:00,97812.0,98398.0,97000.0,97070.32,7646.39206
2024-12-09 20:00:00,97070.33,97572.52,94150.05,97276.47,19209.55908
2024-12-10 00:00:00,97276.48,98138.0,95565.41,96931.99,7967.90111
2024-12-10 04:00:00,96931.99,97519.2,95900.0,97196.44,4851.30267
2024-12-10 08:00:00,97196.44,97937.5,96938.19,97722.52,3732.90811
2024-12-10 12:00:00,97722.53,98270.0,95555.0,95658.79,11589.32855
2024-12-10 16:00:00,95658.79,96500.0,94256.54,95856.5,17282.11364
2024-12-10 20:00:00,95856.5,97200.7,95616.0,96593.0,6285.13525
2024-12-11 00:00:00,96593.0,97625.76,95658.24,97398.43,6101.81371
2024-12-11 04:00:00,97398.42,97790.36,97181.7,97334.6,2882.63101
2024-12-11 08:00:00,97334.59,98472.57,97316.78,98292.61,3915.0582
2024-12-11 12:00:00,98292.61,100800.0,98072.33,100361.64,10646.28169
2024-12-11 16:00:00,100361.64,101141.01,99608.23,101122.71,9214.79257
2024-12-11 20:00:00,101122.71,101888.0,100866.42,101125.0,4993.20573
2024-12-12 00:00:00,101125.0,101829.0,100331.61,101025.87,4584.27765
2024-12-12 04:00:00,101025.88,101191.85,100402.82,100499.99,3018.02596
2024-12-12 08:00:00,100499.99,101126.54,100178.32,100358.42,2593.08394
2024-12-12 12:00:00,100358.42,101861.6,100348.35,101797.14,7527.72986
2024-12-12 16:00:00,101797.14,102540.0,99311.64,99481.32,7934.57131
2024-12-12 20:00:00,99481.33,100476.19,99465.33,100004.29,3574.39873
2024-12-13 00:00:00,100004.29,100356.85,99205.0,99729.09,3169.68724
2024-12-13 04:00:00,99729.09,100225.52,99500.0,100130.0,2722.44317
2024-12-13 08:00:00,100130.01,100789.0,99896.0,100353.37,2260.04806
2024-12-13 12:00:00,100353.37,101375.26,99700.0,99873.16,4395.11384
2024-12-13 16:00:00,99873.16,101895.26,99800.0,101462.34,6176.84479
2024-12-13 20:00:00,101462.34,101879.98,101090.9,101424.25,3179.90213
2024-12-14 00:00:00,101424.24,102650.0,101148.35,102088.0,4102.31163
2024-12-14 04:00:00,102088.0,102138.0,101590.9,101824.0,2355.50886
2024-12-14 08:00:00,101824.0,101863.64,101321.0,101583.99,1246.03828
2024-12-14 12:00:00,101584.0,101742.43,100826.38,101625.12,2737.98405
2024-12-14 16:00:00,101625.12,101737.7,100831.63,101313.54,2313.84837
2024-12-14 20:00:00,101313.54,101499.08,100609.41,101420.0,1436.01207
2024-12-15 00:00:00,101420.0,102196.97,101237.14,101733.82,2717.2499
2024-12-15 04:00:00,101733.83,102850.0,101534.01,101732.09,3091.00658
2024-12-15 08:00:00,101732.09,102691.01,101581.07,102671.44,1800.59415
2024-12-15 12:00:00,102671.44,103359.97,102473.01,102704.01,4918.19696
2024-12-15 16:00:00,102704.0,103490.0,102583.65,103252.95,2441.92022
2024-12-15 20:00:00,103252.96,105250.0,102621.5,104463.99,7259.953965
2024-12-16 00:00:00,104463.99,106648.0,104259.48,104582.28,8803.848246
2024-12-16 04:00:00,104582.28,105420.76,104469.89,104992.79,3083.27266
2024-12-16 08:00:00,104992.79,105016.85,103625.78,103757.99,3972.26006
2024-12-16 12:00:00,103758.0,106499.99,103333.0,106332.01,9289.30941
2024-12-16 16:00:00,106332.0,107793.07,105797.41,106583.12,11995.104264
2024-12-16 20:00:00,106583.13,106648.48,105480.02,106058.66,4158.6081
2024-12-17 00:00:00,106058.65,107000.0,105657.34,106866.49,3882.88127
2024-12-17 04:00:00,106866.5,107143.29,106368.45,106805.75,2937.82223
2024-12-17 08:00:00,106805.75,107550.02,106708.86,106808.31,3622.94784
2024-12-17 12:00:00,106808.31,108353.0,105725.99,106478.47,8939.180456
2024-12-17 16:00:00,106478.48,107633.0,106148.0,106475.89,5875.35581
2024-12-17 20:00:00,106475.89,106903.99,105321.49,106133.74,3806.74886
2024-12-18 00:00:00,106133.74,106524.98,104581.58,104763.98,5784.93924
2024-12-18 04:00:00,104763.99,104763.99,103137.82,104250.75,7256.63713
2024-12-18 08:00:00,104250.75,105033.33,103729.18,105028.33,2927.64166
2024-12-18 12:00:00,105028.33,105350.0,103650.0,104428.54,7242.86665
2024-12-18 16:00:00,104428.54,104999.98,102817.82,102817.82,9166.33778
2024-12-18 20:00:00,102817.82,102997.77,100000.0,100204.01,17929.57509
2024-12-19 00:00:00,100204.01,101310.25,98802.0,101193.15,11011.14924
2024-12-19 04:00:00,101193.15,101727.28,100629.99,101656.57,3199.07619
2024-12-19 08:00:00,101656.57,102609.72,101380.1,102449.99,4074.86626
2024-12-19 12:00:00,102450.0,102800.11,99500.0,100679.86,10496.80787
2024-12-19 16:00:00,100679.86,101200.0,96251.32,97199.72,15856.49892
2024-12-19 20:00:00,97199.72,98500.0,95700.0,97461.86,10508.99952
2024-12-20 00:00:00,97461.86,97814.09,96000.0,97106.02,8712.02871
2024-12-20 04:00:00,97106.02,98233.0,96374.03,97832.53,6871.39877
2024-12-20 08:00:00,97832.52,97864.91,92612.1,92723.98,19009.19125
2024-12-20 12:00:00,92723.99,97572.0,92232.54,96991.62,16343.30766
2024-12-20 16:00:00,96991.63,97748.0,96300.0,97116.0,7186.02296
2024-12-20 20:00:00,97116.0,97816.44,95393.84,97805.44,4762.18635
2024-12-21 00:00:00,97805.44,97813.59,97188.09,97487.46,2878.66863
2024-12-21 04:00:00,97487.47,99540.61,97378.5,99040.0,5467.95008
2024-12-21 08:00:00,99040.0,99187.95,97800.0,98262.08,3434.11954
2024-12-21 12:00:00,98262.08,98283.95,96398.39,97527.97,5930.1048
2024-12-21 16:00:00,97527.96,97723.18,96819.36,97269.03,2933.73741
2024-12-21 20:00:00,97269.03,98057.51,96539.91,97291.99,2838.96097
2024-12-22 00:00:00,97292.0,97448.08,96549.37,96994.37,1848.52784
2024-12-22 04:00:00,96994.37,97071.97,95890.28,96210.24,2981.41637
2024-12-22 08:00:00,96210.25,97351.57,96196.85,97101.28,2184.9888
2024-12-22 12:00:00,97101.29,97300.0,95109.13,95377.72,4444.90674
2024-12-22 16:00:00,95377.71,96444.45,94700.0,94836.55,3910.30845
2024-12-22 20:00:00,94836.55,95824.0,94250.35,95186.27,3983.68216
2024-12-23 00:00:00,95186.28,96043.99,93700.42,96025.15,6028.4424
2024-12-23 04:00:00,96025.15,96509.98,94705.07,95404.01,3919.1348
2024-12-23 08:00:00,95404.01,96538.92,95036.77,95932.42,3020.85272
2024-12-23 12:00:00,95932.41,96423.0,93107.52,93250.37,8316.98998
2024-12-23 16:00:00,93250.38,94260.0,92690.0,93044.79,6236.29663
2024-12-23 20:00:00,93044.79,95509.09,92520.0,94881.47,5289.0505
2024-12-24 00:00:00,94881.47,94881.47,93569.02,94348.75,3135.824
2024-12-24 04:00:00,94348.75,94653.45,93810.45,94233.19,1999.49298
2024-12-24 08:00:00,94233.2,94635.7,93840.0,94398.6,1936.10063
2024-12-24 12:00:00,94398.6,98300.0,94075.1,98300.0,6970.36477
2024-12-24 16:00:00,98299.99,99487.99,97546.57,97581.09,6446.91305
2024-12-24 20:00:00,97581.1,99068.9,97250.0,98663.58,3185.52945
2024-12-25 00:00:00,98663.58,98878.44,97725.27,98029.48,2347.026
2024-12-25 04:00:00,98029.49,98581.9,97844.18,98084.33,1454.63832
2024-12-25 08:00:00,98084.33,99349.31,97773.83,97907.61,3026.36685
2024-12-25 12:00:00,97907.61,98832.89,97632.02,98519.98,2843.35507
2024-12-25 16:00:00,98519.99,99299.99,98134.4,99018.52,2094.84554
2024-12-25 20:00:00,99018.52,99569.15,98384.61,99429.6,2707.93332
2024-12-26 00:00:00,99429.61,99963.7,98468.26,98995.17,3339.03441
2024-12-26 04:00:00,98995.18,98995.18,97711.17,97719.99,2538.93374
2024-12-26 08:00:00,97719.99,97772.13,95199.14,95695.81,6056.25765
2024-12-26 12:00:00,95695.81,96280.25,95234.93,96042.88,4267.56835
2024-12-26 16:00:00,96042.89,96621.95,95444.44,96102.25,2892.18792
2024-12-26 20:00:00,96102.24,96114.46,95302.0,95791.6,2098.3852
2024-12-27 00:00:00,95791.6,96443.68,95401.03,96417.84,2935.2441
2024-12-27 04:00:00,96417.84,96604.24,94646.03,95104.76,4600.52902
2024-12-27 08:00:00,95104.76,97544.58,95104.76,96952.38,4963.50857
2024-12-27 12:00:00,96952.38,97035.8,94011.11,94573.75,6425.73336
2024-12-27 16:00:00,94573.75,94996.16,93500.01,94750.0,5278.97717
2024-12-27 20:00:00,94750.11,94823.09,94100.6,94299.03,2297.27207
2024-12-28 00:00:00,94299.03,94720.0,94135.66,94594.91,1341.52605
2024-12-28 04:00:00,94594.91,94800.0,94307.0,94381.99,971.18403
2024-12-28 08:00:00,94381.98,94883.0,94312.67,94754.83,1063.67759
2024-12-28 12:00:00,94754.83,95340.36,94375.8,94447.29,2013.14298
2024-12-28 16:00:00,94447.28,95245.24,94389.45,95027.76,1698.97945
2024-12-28 20:00:00,95027.75,95733.99,94878.26,95300.0,1297.3828
2024-12-29 00:00:00,95300.0,95340.0,94808.0,95172.4,1053.11164
2024-12-29 04:00:00,95172.41,95283.99,94971.44,95272.04,875.93086
2024-12-29 08:00:00,95272.05,95315.5,95010.0,95032.57,788.50288
2024-12-29 12:00:00,95032.58,95231.58,94010.0,94511.12,2881.2142
2024-12-29 16:00:00,94511.11,94578.89,93367.52,93612.89,4040.48021
2024-12-29 20:00:00,93612.89,93949.52,93009.52,93738.2,3936.76599
2024-12-30 00:00:00,93738.19,94274.29,93368.93,93722.71,2898.63024
2024-12-30 04:00:00,93722.72,94060.35,93240.03,93731.65,2439.98241
2024-12-30 08:00:00,93731.66,94068.56,93469.56,93923.14,1683.90269
2024-12-30 12:00:00,93923.14,94277.23,91530.45,92130.21,9295.9625
2024-12-30 16:00:00,92130.21,94684.09,91800.0,94417.04,6130.98017
2024-12-30 20:00:00,94417.04,95024.5,91901.57,92792.05,5169.96449
2024-12-31 00:00:00,92792.05,92907.03,92033.73,92509.59,2673.26662
2024-12-31 04:00:00,92509.6,93040.1,92344.07,92860.75,1910.77295
2024-12-31 08:00:00,92860.75,94741.68,92842.88,94232.68,3728.42811
2024-12-31 12:00:00,94232.68,96250.0,94232.67,95412.0,5922.39263
2024-12-31 16:00:00,95412.0,95590.52,93189.59,94166.88,3654.49229
2024-12-31 20:00:00,94166.88,94222.5,93375.38,93576.0,1722.68129
2025-01-01 00:00:00,93576.0,94509.42,93489.03,93838.04,1840.29813
2025-01-01 04:00:00,93838.04,93937.19,93500.0,93684.1,958.86153
2025-01-01 08:00:00,93684.11,93756.02,92888.0,93444.64,1867.48363
2025-01-01 12:00:00,93444.65,94500.0,93407.07,94432.94,2077.71092
2025-01-01 16:00:00,94432.94,94823.75,93760.93,94627.07,1721.05382
2025-01-01 20:00:00,94627.08,95151.15,94542.0,94591.79,1907.9181
2025-01-02 00:00:00,94591.78,95516.0,94392.0,95010.33,3071.06776
2025-01-02 04:00:00,95010.34,96000.0,94984.84,95822.0,2597.83185
2025-01-02 08:00:00,95822.01,96876.38,95640.05,96732.99,3181.19751
2025-01-02 12:00:00,96733.0,97440.91,95924.6,96455.01,6594.73113
2025-01-02 16:00:00,96455.01,97777.0,96040.04,97317.74,4552.1019
2025-01-02 20:00:00,97317.74,97839.5,96666.66,96984.79,1973.55933
2025-01-03 00:00:00,96984.79,97342.44,96650.0,97062.3,1301.75815
2025-01-03 04:00:00,97062.3,97066.18,96280.65,96304.0,1511.25736
2025-01-03 08:00:00,96304.0,96830.0,96100.01,96757.58,1875.17783
2025-01-03 12:00:00,96757.57,97660.0,96472.43,97521.35,3996.57846
2025-01-03 16:00:00,97521.36,98976.91,97406.54,98592.01,4583.69677
2025-01-03 20:00:00,98592.02,98748.0,98067.99,98174.18,1985.36079
2025-01-04 00:00:00,98174.17,98314.15,97800.0,98200.0,1400.83188
2025-01-04 04:00:00,98200.01,98350.04,97862.87,98271.88,1220.86223
2025-01-04 08:00:00,98271.87,98306.22,97532.58,97889.39,1585.26406
2025-01-04 12:00:00,97889.4,98152.02,97514.79,97657.94,1867.22331
2025-01-04 16:00:00,97657.95,98350.0,97549.99,98166.26,1394.26571
2025-01-04 20:00:00,98166.26,98778.43,98143.2,98220.5,1521.60932
2025-01-05 00:00:00,98220.51,98391.59,98050.0,98187.96,830.57053
2025-01-05 04:00:00,98187.97,98522.76,98187.96,98268.77,719.22974
2025-01-05 08:00:00,98268.77,98268.78,97600.0,97641.63,1371.38309
2025-01-05 12:00:00,97641.62,98281.89,97276.79,98028.98,1867.30793
2025-01-05 16:00:00,98028.98,98332.54,97577.46,98079.63,1421.36695
2025-01-05 20:00:00,98079.64,98836.85,98024.0,98363.61,1885.77899
2025-01-06 00:00:00,98363.61,99333.0,97920.0,99037.57,3197.2233
2025-01-06 04:00:00,99037.57,99892.0,99037.57,99318.7,2944.63327
2025-01-06 08:00:00,99318.7,99625.69,98709.28,99259.99,2315.45844
2025-01-06 12:00:00,99259.99,102468.92,98711.94,102147.95,8408.22358
2025-01-06 16:00:00,102147.95,102480.0,101250.0,101817.22,5128.12803
2025-01-06 20:00:00,101817.22,102329.98,101600.05,102235.6,3269.76713
2025-01-07 00:00:00,102235.6,102724.38,101512.91,101708.08,2357.41538
2025-01-07 04:00:00,101708.09,102015.01,101582.79,101664.81,1492.76799
2025-01-07 08:00:00,101664.81,101995.64,100472.45,100830.86,3234.87532
2025-01-07 12:00:00,100830.86,100960.06,97153.5,97952.26,12652.02745
2025-01-07 16:00:00,97952.26,98347.81,96323.67,96451.98,7820.91705
2025-01-07 20:00:00,96451.99,97220.76,96181.81,96954.61,4501.87218
2025-01-08 00:00:00,96954.6,97268.65,96216.83,96525.2,3503.85267
2025-01-08 04:00:00,96525.2,96654.61,95250.76,95657.09,5008.27213
2025-01-08 08:00:00,95657.09,96132.47,94543.86,95134.92,4080.06431
2025-01-08 12:00:00,95134.92,96079.32,94624.43,95493.77,7524.11163
2025-01-08 16:00:00,95493.77,95555.25,92500.9,94243.89,10263.38282
2025-01-08 20:00:00,94243.89,95310.94,93600.0,95060.61,3324.99538
2025-01-09 00:00:00,95060.61,95382.32,93422.89,94027.9,5419.68508
2025-01-09 04:00:00,94027.91,94618.63,93186.38,93221.59,2824.32014
2025-01-09 08:00:00,93221.59,93877.46,92750.0,93465.23,4574.38662
2025-01-09 12:00:00,93465.23,94588.23,91800.0,94244.02,9108.35063
2025-01-09 16:00:00,94244.02,94685.25,91900.01,91909.59,6624.66398
2025-01-09 20:00:00,91909.59,92720.67,91203.67,92552.49,5993.4304
2025-01-10 00:00:00,92552.49,93727.83,92431.73,93696.13,2928.04066
2025-01-10 04:00:00,93696.13,95000.0,93500.0,94492.63,3602.28378
2025-01-10 08:00:00,94492.62,95293.4,94388.5,95073.95,2846.56733
2025-01-10 12:00:00,95073.95,95117.26,92206.02,93730.92,12008.10901
2025-01-10 16:00:00,93730.93,95836.0,93177.4,95327.06,7960.59139
2025-01-10 20:00:00,95327.07,95442.15,94586.02,94726.11,2137.27207
2025-01-11 00:00:00,94726.1,94746.37,94106.49,94206.95,1275.83371
2025-01-11 04:00:00,94206.96,94441.87,93831.73,94246.36,989.55966
2025-01-11 08:00:00,94246.36,94791.67,94031.22,94625.65,1009.69139
2025-01-11 12:00:00,94625.66,94655.2,94307.25,94410.26,891.77961
2025-01-11 16:00:00,94410.26,94708.12,93984.55,94249.26,1016.34928
2025-01-11 20:00:00,94249.27,95050.94,94200.89,94599.99,1864.69065
2025-01-12 00:00:00,94599.99,94699.0,94296.99,94622.4,984.48539
2025-01-12 04:00:00,94622.4,94650.0,94274.01,94323.85,555.17676
2025-01-12 08:00:00,94323.85,94393.57,93711.19,94255.1,1542.32088
2025-01-12 12:00:00,94255.1,95450.1,94173.48,95071.9,2128.13742
2025-01-12 16:00:00,95071.91,95314.12,94578.54,94650.26,1321.59389
2025-01-12 20:00:00,94650.26,94800.0,93800.0,94545.06,2075.15188
2025-01-13 00:00:00,94545.07,95940.0,93899.99,94269.23,3486.55763
2025-01-13 04:00:00,94269.23,94913.03,93281.0,93590.24,2651.8386
2025-01-13 08:00:00,93590.24,93661.55,90833.12,90851.22,10070.64435
2025-01-13 12:00:00,90851.23,93100.0,89256.69,92123.75,15768.82719
2025-01-13 16:00:00,92123.75,92534.1,91250.0,92312.18,5597.12697
2025-01-13 20:00:00,92312.18,94727.15,91908.2,94536.1,5044.56949
2025-01-14 00:00:00,94536.11,95280.8,94346.22,94861.4,3303.28378
2025-01-14 04:00:00,94861.39,95464.71,94753.42,94864.0,2358.7602
2025-01-14 08:00:00,94863.99,97371.0,94860.11,96548.04,6495.82711
2025-01-14 12:00:00,96548.04,97265.48,95748.93,96471.65,8394.33223
2025-01-14 16:00:00,96471.65,97088.57,95351.76,96537.8,5134.58254
2025-01-14 20:00:00,96537.23,96921.13,96152.31,96560.86,2159.83167
2025-01-15 00:00:00,96560.85,97554.63,96500.0,97317.12,3289.96951
2025-01-15 04:00:00,97317.12,97724.96,96750.0,97301.35,3059.85859
2025-01-15 08:00:00,97301.35,97524.0,96521.0,96762.18,2662.70368
2025-01-15 12:00:00,96762.19,99799.98,96539.77,98992.42,11578.95097
2025-01-15 16:00:00,98992.42,99990.0,98602.05,99844.9,5037.81977
2025-01-15 20:00:00,99844.91,100681.94,99460.8,100497.35,4880.68927
2025-01-16 00:00:00,100497.35,100866.66,99170.0,99478.03,4764.75349
2025-01-16 04:00:00,99478.04,99921.86,99322.19,99799.99,1971.85838
2025-01-16 08:00:00,99800.0,99820.0,98617.55,99158.71,4224.49604
2025-01-16 12:00:00,99158.7,99517.93,97335.13,99296.17,7952.93002
2025-01-16 16:00:00,99296.17,100448.72,99079.05,100417.2,5345.71609
2025-01-16 20:00:00,100417.2,100641.99,99377.0,99987.3,3573.09915
2025-01-17 00:00:00,99987.3,102148.13,99950.77,101051.73,6891.54414
2025-01-17 04:00:00,101051.73,101899.49,100952.1,101440.5,3198.4853
2025-01-17 08:00:00,101440.51,102581.45,101439.77,102237.6,5380.48317
2025-01-17 12:00:00,102237.6,104254.19,102195.9,104000.0,9298.37508
2025-01-17 16:00:00,104000.0,105865.22,103841.18,105834.93,9336.85365
2025-01-17 20:00:00,105834.93,105847.02,104065.25,104077.48,5066.11158
2025-01-18 00:00:00,104077.47,104656.87,103000.25,103559.82,3518.82558
2025-01-18 04:00:00,103559.82,103771.21,102602.48,102821.75,4937.1314
2025-01-18 08:00:00,102821.75,103883.01,102277.55,103589.29,4114.11548
2025-01-18 12:00:00,103589.29,104988.88,103107.65,104568.96,5002.17801
2025-01-18 16:00:00,104568.96,104719.29,103156.02,104382.01,4197.15572
2025-01-18 20:00:00,104382.0,104750.0,103765.44,104556.23,2538.42379
2025-01-19 00:00:00,104556.23,105458.55,104013.51,104984.01,3271.33432
2025-01-19 04:00:00,104984.01,105634.78,104191.19,105167.12,4785.51322
2025-01-19 08:00:00,105167.11,105496.03,103450.69,104363.23,7895.87414
2025-01-19 12:00:00,104363.24,105706.48,104300.75,104936.35,6026.11475
2025-01-19 16:00:00,104936.35,106200.74,104520.01,106200.0,3579.79556
2025-01-19 20:00:00,106200.0,106422.43,99651.6,101331.57,17838.65099
2025-01-20 00:00:00,101331.57,102321.42,99550.0,101891.93,13939.26024
2025-01-20 04:00:00,101891.94,109588.0,101535.28,107120.65,21204.587662
2025-01-20 08:00:00,107120.65,109193.23,107093.33,108239.19,9010.89785
2025-01-20 12:00:00,108239.19,108700.01,104480.0,104957.99,13711.24313
2025-01-20 16:00:00,104957.99,107050.0,100333.0,103691.63,25962.9026
2025-01-20 20:00:00,103691.64,104331.0,101701.01,102260.01,5700.34025
2025-01-21 00:00:00,102260.0,103260.1,100119.04,102936.01,10133.69299
2025-01-21 04:00:00,102936.01,102974.14,101111.68,101989.05,5400.15858
2025-01-21 08:00:00,101989.06,103973.02,101740.82,103758.25,6235.66073
2025-01-21 12:00:00,103758.25,105320.0,102803.43,103943.0,9899.25066
2025-01-21 16:00:00,103942.99,107240.81,103822.02,107031.34,9757.23378
2025-01-21 20:00:00,107031.34,107199.99,105420.0,106143.82,4515.02328
2025-01-22 00:00:00,106143.82,106394.46,105448.99,105600.01,3019.25833
